timestamp,us_total_market_cap_usd,china_total_market_cap_usd,us_pct_change,china_pct_change,leader,top_movers,companies_json
2026-07-30 14:44,16032936600000.00,932579380000.00,,,n/a,,"{""NVDA"":4786791999999.999,""MSFT"":3352118800000.0,""GOOGL"":4023491999999.9995,""META"":1377413800000.0,""AMZN"":2493120000000.0,""BABA"":234355999999.99997,""BIDU"":33129240000.000004,""PDD"":115541500000.0,""0700.HK"":549552640000.0}"
2026-07-30 14:44,16025941200000.00,932575770000.00,-0.0436,-0.0004,tie,"GOOGL -0.1%, META -0.0%","{""NVDA"":4784449600000.0,""MSFT"":3352453150000.0,""GOOGL"":4020345999999.9995,""META"":1376727449999.9998,""AMZN"":2491965000000.0,""BABA"":234325249999.99997,""BIDU"":33122880000.000004,""PDD"":115575000000.0,""0700.HK"":549552640000.0}"
2026-07-30 15:06,15975561900000.00,933336080000.00,-0.3144,0.0815,China,"MSFT -1.3%, META +1.2%","{""NVDA"":4758244000000.0,""MSFT"":3308281799999.9995,""GOOGL"":4024943999999.9995,""META"":1393912100000.0,""AMZN"":2490180000000.0,""BABA"":234684000000.0,""BIDU"":33256439999.999996,""PDD"":115843000000.00002,""0700.HK"":549552640000.0}"
2026-07-30 16:39,16041317650000.00,936597270000.00,0.0959,0.4312,China,"BIDU +1.9%, BABA +1.2%","{""NVDA"":4727012000000.0,""MSFT"":3379906999999.9995,""GOOGL"":4052289999999.9995,""META"":1374603650000.0,""AMZN"":2507505000000.0,""BABA"":237174749999.99997,""BIDU"":33758879999.999996,""PDD"":116111000000.00002,""0700.HK"":549552640000.0}"
2026-07-30 16:49,16010600250000.00,935772140000.00,-0.1915,-0.0881,China,"GOOGL -0.4%, BABA -0.3%","{""NVDA"":4719692000000.0,""MSFT"":3375449000000.0,""GOOGL"":4037709500000.0,""META"":1372376250000.0,""AMZN"":2505373500000.0,""BABA"":236426499999.99997,""BIDU"":33755700000.000004,""PDD"":116037300000.0,""0700.HK"":549552640000.0}"
2026-07-31 00:40,16016772700000.00,939356880000.00,0.0386,0.3831,China,"META +1.7%, AMZN -1.3%","{""NVDA"":4758976000000.0,""MSFT"":3351673000000.0,""GOOGL"":4037286000000.0,""META"":1396087699999.9998,""AMZN"":2472750000000.0,""BABA"":238455999999.99997,""BIDU"":34178640000.0,""PDD"":117169600000.0,""0700.HK"":549552640000.0}"
2026-07-31 12:08,16016772700000.00,909138560000.00,0.0000,-3.2169,US,"0700.HK +0.7%, NVDA +0.0%","{""NVDA"":4758976000000.0,""MSFT"":3351673000000.0,""GOOGL"":4037286000000.0,""META"":1396087699999.9998,""AMZN"":2472750000000.0,""BABA"":238455999999.99997,""PDD"":117169600000.0,""0700.HK"":553512960000.0}"
2026-07-31 14:03,16664095750000.00,952614730000.00,4.0415,4.7821,China,"AMZN +14.8%, GOOGL +3.7%","{""NVDA"":4808996000000.0,""MSFT"":3421329250000.0,""GOOGL"":4187507499999.9995,""META"":1407535500000.0,""AMZN"":2838727500000.0,""BABA"":247301750000.0,""BIDU"":34563420000.0,""PDD"":117236600000.0,""0700.HK"":553512960000.0}"
2026-07-31 14:13,16564526850000.00,951079850000.00,-0.5975,-0.1611,China,"AMZN -0.9%, NVDA -0.9%","{""NVDA"":4765075999999.999,""MSFT"":3394098300000.0,""GOOGL"":4180791999999.9995,""META"":1411925550000.0,""AMZN"":2812635000000.0,""BABA"":246676499999.99997,""BIDU"":34377390000.0,""PDD"":116513000000.0,""0700.HK"":553512960000.0}"
2026-07-31 14:23,16616069000000.00,952189388000.00,0.3112,0.1167,US,"NVDA +0.9%, META +0.9%","{""NVDA"":4808752000000.0,""MSFT"":3374631700000.0,""GOOGL"":4197066500000.0,""META"":1424033800000.0002,""AMZN"":2811585000000.0,""BABA"":247445250000.0,""BIDU"":34557378000.0,""PDD"":116673800000.0,""0700.HK"":553512960000.0}"
2026-07-31 14:33,16643138850000.00,953658470000.00,0.1629,0.1543,tie,"AMZN +1.5%, META -0.7%","{""NVDA"":4807776000000.0,""MSFT"":3361963550000.0,""GOOGL"":4204387000000.0005,""META"":1414062300000.0,""AMZN"":2854950000000.0,""BABA"":248009000000.0,""BIDU"":34692210000.0,""PDD"":117444300000.0,""0700.HK"":553512960000.0}"
2026-07-31 14:43,16691135350000.00,952480250000.00,0.2884,-0.1235,US,"MSFT +0.7%, BABA -0.4%","{""NVDA"":4822928400000.0,""MSFT"":3385219450000.0,""GOOGL"":4216305499999.9995,""META"":1420226500000.0,""AMZN"":2846455500000.0,""BABA"":246895849999.99997,""BIDU"":34687440000.0,""PDD"":117384000000.0,""0700.HK"":553512960000.0}"
2026-07-31 14:57,16738604200000.00,955258500000.00,0.2844,0.2917,tie,"GOOGL +1.4%, BIDU +1.1%","{""NVDA"":4837299999999.999,""MSFT"":3358508599999.9995,""GOOGL"":4273357000000.0,""META"":1425251099999.9998,""AMZN"":2844187500000.0,""BABA"":249361999999.99997,""BIDU"":35053140000.0,""PDD"":117330400000.00002,""0700.HK"":553512960000.0}"
2026-07-31 15:08,16698662500000.00,955984860000.00,-0.2386,0.0760,China,"GOOGL -0.4%, NVDA -0.4%","{""NVDA"":4820220000000.0,""MSFT"":3354273500000.0,""GOOGL"":4257626999999.9995,""META"":1429809499999.9998,""AMZN"":2836732500000.0,""BABA"":250079499999.99997,""BIDU"":35075400000.0,""PDD"":117317000000.0,""0700.HK"":553512960000.0}"
2026-07-31 15:18,16672518850000.00,955852850000.00,-0.1566,-0.0138,China,"META -1.0%, MSFT +1.0%","{""NVDA"":4799236000000.0,""MSFT"":3386259650000.0,""GOOGL"":4234273999999.9995,""META"":1415124200000.0,""AMZN"":2837625000000.0,""BABA"":249710500000.0,""BIDU"":34997490000.00001,""PDD"":117631900000.0,""0700.HK"":553512960000.0}"
2026-07-31 15:28,16613985600000.00,955657008000.00,-0.3511,-0.0205,China,"META -0.8%, AMZN -0.8%","{""NVDA"":4768248000000.0,""MSFT"":3404537450000.0,""GOOGL"":4221568999999.9995,""META"":1403741150000.0,""AMZN"":2815890000000.0,""BABA"":249228750000.0,""BIDU"":34888098000.0,""PDD"":118027200000.00002,""0700.HK"":553512960000.0}"
2026-07-31 15:38,16639702800000.00,955688560000.00,0.1548,0.0033,US,"META +0.6%, NVDA +0.5%","{""NVDA"":4793258000000.0,""MSFT"":3397516100000.0,""GOOGL"":4234879000000.0,""META"":1411757200000.0,""AMZN"":2802292500000.0,""BABA"":249464500000.0,""BIDU"":34929120000.00001,""PDD"":117781980000.00002,""0700.HK"":553512960000.0}"
2026-07-31 15:48,16629462650000.00,954754560000.00,-0.0615,-0.0977,tie,"MSFT +0.6%, BABA -0.4%","{""NVDA"":4776788000000.0,""MSFT"":3416239700000.0,""GOOGL"":4223202499999.9995,""META"":1411044949999.9998,""AMZN"":2802187500000.0,""BABA"":248439499999.99997,""BIDU"":34868700000.00001,""PDD"":117933400000.00002,""0700.HK"":553512960000.0}"
2026-07-31 15:59,16720929530000.00,956727400000.00,0.5500,0.2066,US,"GOOGL +0.7%, AMZN +0.7%","{""NVDA"":4791428000000.0,""MSFT"":3438760030000.0,""GOOGL"":4254723000000.0,""META"":1413880999999.9998,""AMZN"":2822137500000.0,""BABA"":249874499999.99997,""BIDU"":35084940000.0,""PDD"":118255000000.00002,""0700.HK"":553512960000.0}"
2026-07-31 16:09,16739042300000.00,956968590000.00,0.1083,0.0252,US,"AMZN +0.4%, MSFT -0.3%","{""NVDA"":4796552000000.0,""MSFT"":3429279350000.0,""GOOGL"":4265129000000.0,""META"":1415706950000.0,""AMZN"":2832375000000.0,""BABA"":250263999999.99997,""BIDU"":35070630000.0,""PDD"":118121000000.00002,""0700.HK"":553512960000.0}"
2026-07-31 16:19,16772999100000.00,957793060000.00,0.2029,0.0862,US,"MSFT +0.4%, META +0.4%","{""NVDA"":4796429999999.999,""MSFT"":3444027899999.9995,""GOOGL"":4271784000000.0005,""META"":1420822200000.0,""AMZN"":2839935000000.0005,""BABA"":250899500000.0,""BIDU"":35139000000.0,""PDD"":118241600000.0,""0700.HK"":553512960000.0}"
2026-08-01 03:21,16953811500000.00,958128840000.00,1.0780,0.0351,US,"NVDA +2.1%, META +1.5%","{""NVDA"":4898299999999.999,""MSFT"":3452869600000.0,""GOOGL"":4309173000000.0,""META"":1441878900000.0,""AMZN"":2851589999999.9995,""BABA"":250612499999.99997,""BIDU"":35332980000.0,""PDD"":118670400000.00002,""0700.HK"":553512960000.0}"
2026-08-03 14:15,17580298100000.00,989117930000.00,3.6953,3.2343,US,"META +6.4%, AMZN +4.7%","{""NVDA"":4982602000000.0,""MSFT"":3612911800000.0,""GOOGL"":4465686500000.0,""META"":1534367799999.9998,""AMZN"":2984730000000.0,""BABA"":261959250000.0,""BIDU"":35876760000.0,""PDD"":120064000000.0,""0700.HK"":571217919999.9999}"
2026-08-03 14:25,17581190550000.00,989986950000.00,0.0051,0.0879,China,"META -0.6%, NVDA +0.6%","{""NVDA"":5011052400000.0,""MSFT"":3612020200000.0,""GOOGL"":4448565000000.0,""META"":1524875450000.0,""AMZN"":2984677500000.0,""BABA"":262686999999.99997,""BIDU"":35897430000.0,""PDD"":120184600000.0,""0700.HK"":571217919999.9999}"
2026-08-03 14:35,17563634150000.00,989658180000.00,-0.0999,-0.0332,China,"META -0.9%, AMZN +0.4%","{""NVDA"":5012492000000.0,""MSFT"":3599240600000.0,""GOOGL"":4442696500000.0,""META"":1511770050000.0,""AMZN"":2997435000000.0005,""BABA"":262486099999.99997,""BIDU"":35876760000.0,""PDD"":120077400000.00002,""0700.HK"":571217919999.9999}"
2026-08-05 16:50,17808814850000.00,994167880000.00,1.3960,0.4557,US,"NVDA +7.8%, AMZN -4.5%","{""NVDA"":5401672000000.0,""MSFT"":3629815050000.0,""GOOGL"":4400830500000.0,""META"":1513777300000.0,""AMZN"":2862720000000.0,""BABA"":263732500000.00003,""BIDU"":35422020000.0,""PDD"":121698799999.99998,""0700.HK"":573314560000.0}"
2026-08-05 17:00,17807862200000.00,993754600000.00,-0.0053,-0.0416,tie,"GOOGL +0.2%, AMZN -0.1%","{""NVDA"":5399232000000.0,""MSFT"":3625579950000.0,""GOOGL"":4409361000000.0,""META"":1514696750000.0,""AMZN"":2858992500000.0005,""BABA"":263445499999.99997,""BIDU"":35402940000.0,""PDD"":121591600000.0,""0700.HK"":573314560000.0}"
2026-08-05 18:23,17795446950000.00,993697910000.00,-0.0697,-0.0057,China,"GOOGL -0.4%, MSFT +0.4%","{""NVDA"":5404111999999.999,""MSFT"":3638842499999.9995,""GOOGL"":4390134100000.0,""META"":1510138350000.0,""AMZN"":2852220000000.0,""BABA"":263240500000.0,""BIDU"":35417250000.0,""PDD"":121725600000.00002,""0700.HK"":573314560000.0}"
2026-08-05 18:33,17779727850000.00,993347690000.00,-0.0883,-0.0352,China,"AMZN -0.2%, NVDA -0.1%","{""NVDA"":5397523999999.999,""MSFT"":3638285250000.0,""GOOGL"":4386794500000.0,""META"":1509944100000.0,""AMZN"":2847180000000.0005,""BABA"":263004749999.99994,""BIDU"":35396580000.0,""PDD"":121631800000.0,""0700.HK"":573314560000.0}"
2026-08-05 18:43,17784817850000.00,993570040000.00,0.0286,0.0224,tie,"NVDA +0.2%, GOOGL -0.2%","{""NVDA"":5408016000000.0,""MSFT"":3638656750000.0,""GOOGL"":4378626999999.9995,""META"":1511498100000.0,""AMZN"":2848020000000.0,""BABA"":263240500000.0,""BIDU"":35396580000.0,""PDD"":121618400000.00002,""0700.HK"":573314560000.0}"
2026-08-10 05:23,17882158700000.00,977861080000.00,0.5473,-1.5811,US,"0700.HK -2.9%, MSFT +2.1%","{""NVDA"":5464624000000.0,""MSFT"":3714925700000.0,""GOOGL"":4287029999999.9995,""META"":1533539000000.0,""AMZN"":2882040000000.0,""BABA"":263240500000.0,""BIDU"":34887780000.0,""PDD"":122958400000.00002,""0700.HK"":556774400000.0}"
2026-08-10 05:33,17882158700000.00,976929240000.00,0.0000,-0.0953,US,"0700.HK -0.2%, NVDA +0.0%","{""NVDA"":5464624000000.0,""MSFT"":3714925700000.0,""GOOGL"":4287029999999.9995,""META"":1533539000000.0,""AMZN"":2882040000000.0,""BABA"":263240500000.0,""BIDU"":34887780000.0,""PDD"":122958400000.00002,""0700.HK"":555842560000.0}"
2026-08-13 15:40,17640445740000.00,911208840000.00,-1.3517,-6.7272,US,"0700.HK -7.6%, PDD -7.4%","{""NVDA"":5468772000000.0,""MSFT"":3680524800000.0,""GOOGL"":4170567500000.0,""META"":1519076439999.9998,""AMZN"":2801505000000.0,""BABA"":250612499999.99997,""BIDU"":33113340000.0,""PDD"":113806200000.00002,""0700.HK"":513676800000.0}"
2026-08-13 15:50,17651266800000.00,910617550000.00,0.0613,-0.0649,US,"META -0.3%, NVDA +0.3%","{""NVDA"":5483045999999.999,""MSFT"":3680078999999.9995,""GOOGL"":4174475800000.0,""META"":1514890999999.9998,""AMZN"":2798775000000.0,""BABA"":250069249999.99997,""BIDU"":33072000000.000004,""PDD"":113799500000.00002,""0700.HK"":513676800000.0}"
2026-08-13 16:00,17633383750000.00,910311000000.00,-0.1013,-0.0337,China,"AMZN -0.2%, META +0.2%","{""NVDA"":5472675999999.999,""MSFT"":3677181300000.0,""GOOGL"":4173169000000.0,""META"":1517882449999.9998,""AMZN"":2792475000000.0,""BABA"":249894999999.99997,""BIDU"":33040200000.000008,""PDD"":113699000000.0,""0700.HK"":513676800000.0}"
2026-08-13 16:10,17657322050000.00,909784660000.00,0.1358,-0.0578,US,"NVDA +0.4%, META +0.2%","{""NVDA"":5493538000000.0,""MSFT"":3673243400000.0,""GOOGL"":4178856000000.0,""META"":1520679649999.9998,""AMZN"":2791005000000.0,""BABA"":249505499999.99997,""BIDU"":33030660000.000004,""PDD"":113571700000.0,""0700.HK"":513676800000.0}"
2026-08-13 16:20,17641262000000.00,909053010000.00,-0.0910,-0.0804,tie,"PDD -0.3%, AMZN -0.3%","{""NVDA"":5483656000000.0,""MSFT"":3672797600000.0,""GOOGL"":4182607000000.0,""META"":1518283900000.0,""AMZN"":2783917500000.0,""BABA"":249115999999.99997,""BIDU"":33070410000.000004,""PDD"":113189800000.0,""0700.HK"":513676800000.0}"
2026-08-13 16:31,17672245900000.00,910015610000.00,0.1756,0.1059,US,"NVDA +0.3%, BABA +0.3%","{""NVDA"":5500492000000.0,""MSFT"":3676438300000.0,""GOOGL"":4188294000000.0,""META"":1520951599999.9998,""AMZN"":2786069999999.9995,""BABA"":249843749999.99997,""BIDU"":33157860000.0,""PDD"":113337200000.00002,""0700.HK"":513676800000.0}"
2026-08-13 16:51,17675931900000.00,910188940000.00,0.0209,0.0190,tie,"AMZN +0.2%, META +0.2%","{""NVDA"":5495490000000.0,""MSFT"":3674952300000.0,""GOOGL"":4188898999999.9995,""META"":1523800600000.0,""AMZN"":2792790000000.0,""BABA"":249894999999.99997,""BIDU"":33192839999.999996,""PDD"":113424300000.0,""0700.HK"":513676800000.0}"
2026-08-13 17:01,17670259110000.00,910066240000.00,-0.0321,-0.0135,tie,"AMZN -0.2%, NVDA +0.1%","{""NVDA"":5502126800000.0,""MSFT"":3674097850000.0,""GOOGL"":4184906000000.0,""META"":1523163460000.0,""AMZN"":2785964999999.9995,""BABA"":249915499999.99997,""BIDU"":33176940000.0,""PDD"":113297000000.0,""0700.HK"":513676800000.0}"
2026-08-13 17:12,17684806900000.00,909788720000.00,0.0823,-0.0305,US,"META +0.1%, NVDA +0.1%","{""NVDA"":5509154000000.0,""MSFT"":3676141100000.0,""GOOGL"":4187979399999.999,""META"":1525147400000.0,""AMZN"":2786385000000.0,""BABA"":249607999999.99997,""BIDU"":33180120000.000004,""PDD"":113323799999.99998,""0700.HK"":513676800000.0}"
2026-08-13 17:22,17671803250000.00,909469000000.00,-0.0735,-0.0351,tie,"GOOGL -0.2%, NVDA -0.1%","{""NVDA"":5503664000000.0,""MSFT"":3673986400000.0,""GOOGL"":4181154999999.9995,""META"":1524512849999.9998,""AMZN"":2788485000000.0,""BABA"":249394800000.0,""BIDU"":33167400000.0,""PDD"":113230000000.0,""0700.HK"":513676800000.0}"
2026-08-13 17:32,17667651200000.00,909167130000.00,-0.0235,-0.0332,tie,"PDD -0.3%, BIDU -0.1%","{""NVDA"":5499516000000.0,""MSFT"":3673094800000.0,""GOOGL"":4183333000000.0005,""META"":1523852400000.0,""AMZN"":2787855000000.0,""BABA"":249464500000.0,""BIDU"":33130830000.000004,""PDD"":112895000000.00002,""0700.HK"":513676800000.0}"
2026-08-13 17:42,17662211850000.00,909958260000.00,-0.0308,0.0870,China,"BABA +0.2%, MSFT -0.2%","{""NVDA"":5502809999999.999,""MSFT"":3667262250000.0,""GOOGL"":4184180000000.0005,""META"":1523412100000.0,""AMZN"":2784547500000.0,""BABA"":250038499999.99997,""BIDU"":33173760000.0,""PDD"":113069200000.0,""0700.HK"":513676800000.0}"
2026-08-13 17:52,17668541450000.00,910023330000.00,0.0358,0.0072,tie,"MSFT +0.2%, META +0.1%","{""NVDA"":5502688000000.0,""MSFT"":3673837800000.0,""GOOGL"":4182969999999.9995,""META"":1525600649999.9998,""AMZN"":2783444999999.9995,""BABA"":250038499999.99997,""BIDU"":33178529999.999996,""PDD"":113129500000.0,""0700.HK"":513676800000.0}"
2026-08-13 18:02,17661977250000.00,909832550000.00,-0.0372,-0.0210,tie,"AMZN +0.1%, NVDA -0.1%","{""NVDA"":5495367999999.999,""MSFT"":3670531450000.0,""GOOGL"":4185027000000.0,""META"":1523878299999.9998,""AMZN"":2787172500000.0,""BABA"":249843749999.99997,""BIDU"":33135600000.000004,""PDD"":113176400000.0,""0700.HK"":513676800000.0}"
2026-08-13 18:12,17678879700000.00,909797760000.00,0.0957,-0.0038,US,"META +0.2%, GOOGL +0.2%","{""NVDA"":5497320000000.0,""MSFT"":3671831699999.9995,""GOOGL"":4191561000000.0005,""META"":1527582000000.0,""AMZN"":2790585000000.0,""BABA"":249751499999.99997,""BIDU"":33126060000.000004,""PDD"":113243400000.00002,""0700.HK"":513676800000.0}"
2026-08-14 08:49,17704931700000.00,909016040000.00,0.1474,-0.0859,US,"META +0.9%, MSFT +0.5%","{""NVDA"":5497320000000.0,""MSFT"":3691818399999.9995,""GOOGL"":4190956000000.0,""META"":1540972300000.0,""AMZN"":2783865000000.0,""BABA"":250427999999.99997,""BIDU"":33288240000.0,""PDD"":112787800000.0,""0700.HK"":512512000000.0}"
2026-08-14 12:25,17704931700000.00,909016040000.00,0.0000,0.0000,tie,"NVDA +0.0%, MSFT +0.0%","{""NVDA"":5497320000000.0,""MSFT"":3691818399999.9995,""GOOGL"":4190956000000.0,""META"":1540972300000.0,""AMZN"":2783865000000.0,""BABA"":250427999999.99997,""BIDU"":33288240000.0,""PDD"":112787800000.0,""0700.HK"":512512000000.0}"
2026-08-19 00:24,17237317200000.00,923853480000.00,-2.6412,1.6323,China,"BIDU -13.2%, META -8.6%","{""NVDA"":5361656000000.0,""MSFT"":3578510900000.0,""GOOGL"":4164819999999.9995,""META"":1408105299999.9998,""AMZN"":2724225000000.0,""BABA"":262707499999.99997,""BIDU"":28896660000.0,""PDD"":116941800000.0,""0700.HK"":515307519999.99994}"
2026-08-19 00:34,17237317200000.00,923853480000.00,0.0000,-0.0000,tie,"NVDA +0.0%, MSFT +0.0%","{""NVDA"":5361656000000.0,""MSFT"":3578510900000.0,""GOOGL"":4164819999999.9995,""META"":1408105299999.9998,""AMZN"":2724225000000.0,""BABA"":262707499999.99997,""BIDU"":28896660000.0,""PDD"":116941800000.0,""0700.HK"":515307519999.99994}"
2026-08-19 01:24,17237317200000.00,912904360000.00,0.0000,-1.1852,US,"0700.HK -2.1%, NVDA +0.0%","{""NVDA"":5361656000000.0,""MSFT"":3578510900000.0,""GOOGL"":4164819999999.9995,""META"":1408105299999.9998,""AMZN"":2724225000000.0,""BABA"":262707499999.99997,""BIDU"":28896660000.0,""PDD"":116941800000.0,""0700.HK"":504358399999.99994}"
2026-08-19 03:52,17237317200000.00,928512680000.00,0.0000,1.7097,China,"0700.HK +3.1%, NVDA +0.0%","{""NVDA"":5361656000000.0,""MSFT"":3578510900000.0,""GOOGL"":4164819999999.9995,""META"":1408105299999.9998,""AMZN"":2724225000000.0,""BABA"":262707499999.99997,""BIDU"":28896660000.0,""PDD"":116941800000.0,""0700.HK"":519966720000.0}"
2026-08-19 04:03,17237317200000.00,928279720000.00,0.0000,-0.0251,tie,"0700.HK -0.0%, NVDA +0.0%","{""NVDA"":5361656000000.0,""MSFT"":3578510900000.0,""GOOGL"":4164819999999.9995,""META"":1408105299999.9998,""AMZN"":2724225000000.0,""BABA"":262707499999.99997,""BIDU"":28896660000.0,""PDD"":116941800000.0,""0700.HK"":519733759999.99994}"
2026-08-20 17:38,17128144800000.00,937726490000.00,-0.6333,1.0177,China,"PDD +2.2%, NVDA -1.6%","{""NVDA"":5276988000000.0,""MSFT"":3580145500000.0,""GOOGL"":4121986000000.0,""META"":1404220299999.9998,""AMZN"":2744805000000.0005,""BABA"":263271250000.0,""BIDU"":29109720000.000004,""PDD"":119554800000.0,""0700.HK"":525790720000.0}"
2026-09-03 20:05,17808490800000.00,873306540000.00,3.9721,-6.8698,US,"BABA -13.0%, META +12.6%","{""NVDA"":5574179999999.999,""MSFT"":3790191600000.0,""GOOGL"":4144008000000.0,""META"":1581661199999.9998,""AMZN"":2718450000000.0,""BABA"":229169500000.0,""BIDU"":30394440000.0,""PDD"":109384200000.0,""0700.HK"":504358399999.99994}"
2026-09-03 20:15,17808490800000.00,873347540000.00,0.0000,0.0047,tie,"BABA +0.0%, NVDA +0.0%","{""NVDA"":5574179999999.999,""MSFT"":3790191600000.0,""GOOGL"":4144008000000.0,""META"":1581661199999.9998,""AMZN"":2718450000000.0,""BABA"":229210500000.0,""BIDU"":30394440000.0,""PDD"":109384200000.0,""0700.HK"":504358399999.99994}"
2026-09-04 00:27,16226829600000.00,873347540000.00,-8.8815,0.0000,China,"NVDA +0.0%, MSFT +0.0%","{""NVDA"":5574179999999.999,""MSFT"":3790191600000.0,""GOOGL"":4144008000000.0,""AMZN"":2718450000000.0,""BABA"":229210500000.0,""BIDU"":30394440000.0,""PDD"":109384200000.0,""0700.HK"":504358399999.99994}"
2026-09-04 00:37,17808490800000.00,873347540000.00,9.7472,0.0000,US,"NVDA +0.0%, MSFT +0.0%","{""NVDA"":5574179999999.999,""MSFT"":3790191600000.0,""GOOGL"":4144008000000.0,""META"":1581661199999.9998,""AMZN"":2718450000000.0,""BABA"":229210500000.0,""BIDU"":30394440000.0,""PDD"":109384200000.0,""0700.HK"":504358399999.99994}"
2026-09-04 00:47,17808490800000.00,873347540000.00,0.0000,0.0000,tie,"NVDA +0.0%, MSFT +0.0%","{""NVDA"":5574179999999.999,""MSFT"":3790191600000.0,""GOOGL"":4144008000000.0,""META"":1581661199999.9998,""AMZN"":2718450000000.0,""BABA"":229210500000.0,""BIDU"":30394440000.0,""PDD"":109384200000.0,""0700.HK"":504358399999.99994}"
2026-09-04 01:17,17808490800000.00,869853140000.00,0.0000,-0.4001,US,"0700.HK -0.7%, NVDA +0.0%","{""NVDA"":5574179999999.999,""MSFT"":3790191600000.0,""GOOGL"":4144008000000.0,""META"":1581661199999.9998,""AMZN"":2718450000000.0,""BABA"":229210500000.0,""BIDU"":30394440000.0,""PDD"":109384200000.0,""0700.HK"":500864000000.0}"
2026-09-04 01:27,17808490800000.00,887325140000.00,0.0000,2.0086,China,"0700.HK +3.5%, NVDA +0.0%","{""NVDA"":5574179999999.999,""MSFT"":3790191600000.0,""GOOGL"":4144008000000.0,""META"":1581661199999.9998,""AMZN"":2718450000000.0,""BABA"":229210500000.0,""BIDU"":30394440000.0,""PDD"":109384200000.0,""0700.HK"":518336000000.0}"
2026-09-04 13:09,17808490800000.00,884762580000.00,0.0000,-0.2888,US,"0700.HK -0.5%, NVDA +0.0%","{""NVDA"":5574179999999.999,""MSFT"":3790191600000.0,""GOOGL"":4144008000000.0,""META"":1581661199999.9998,""AMZN"":2718450000000.0,""BABA"":229210500000.0,""BIDU"":30394440000.0,""PDD"":109384200000.0,""0700.HK"":515773440000.0}"
2026-09-04 13:43,17863810700000.00,887232260000.00,0.3106,0.2791,tie,"NVDA +2.1%, BIDU +1.7%","{""NVDA"":5693984000000.0,""MSFT"":3750292500000.0,""GOOGL"":4129125000000.0,""META"":1571171699999.9998,""AMZN"":2719237500000.0,""BABA"":230994000000.0,""BIDU"":30906420000.0,""PDD"":109558400000.00002,""0700.HK"":515773440000.0}"
2026-09-04 13:53,17847241200000.00,887687300000.00,-0.0928,0.0513,China,"BIDU +0.7%, AMZN -0.6%","{""NVDA"":5711307999999.999,""MSFT"":3745685900000.0,""GOOGL"":4115936000000.0005,""META"":1571663800000.0,""AMZN"":2702647500000.0,""BABA"":230870999999.99997,""BIDU"":31122660000.000004,""PDD"":109920200000.00002,""0700.HK"":515773440000.0}"
2026-09-04 14:03,17864686050000.00,886184730000.00,0.0977,-0.1693,US,"META +0.5%, BIDU -0.4%","{""NVDA"":5707404000000.0,""MSFT"":3741339350000.0,""GOOGL"":4131847500000.0,""META"":1579977700000.0,""AMZN"":2704117500000.0005,""BABA"":229950550000.0,""BIDU"":30982740000.000004,""PDD"":109478000000.00002,""0700.HK"":515773440000.0}"
2026-09-04 14:13,17849746750000.00,887303610000.00,-0.0836,0.1263,China,"PDD +0.5%, META +0.4%","{""NVDA"":5689347999999.999,""MSFT"":3740633500000.0,""GOOGL"":4123135499999.9995,""META"":1585792250000.0,""AMZN"":2710837500000.0,""BABA"":230450750000.0,""BIDU"":31065420000.0,""PDD"":110014000000.0,""0700.HK"":515773440000.0}"
2026-09-04 14:23,17837958950000.00,886573870000.00,-0.0660,-0.0822,tie,"GOOGL -0.5%, NVDA +0.5%","{""NVDA"":5714968000000.0,""MSFT"":3735321050000.0,""GOOGL"":4101537000000.0005,""META"":1580702899999.9998,""AMZN"":2705430000000.0005,""BABA"":230214999999.99997,""BIDU"":31000230000.000004,""PDD"":109585200000.00002,""0700.HK"":515773440000.0}"
2026-09-04 14:33,17806475850000.00,887196470000.00,-0.1765,0.0702,China,"BIDU +0.4%, NVDA -0.3%","{""NVDA"":5699400799999.999,""MSFT"":3729116999999.9995,""GOOGL"":4098717700000.0,""META"":1578902850000.0,""AMZN"":2700337500000.0,""BABA"":230665999999.99997,""BIDU"":31111530000.0,""PDD"":109645500000.00002,""0700.HK"":515773440000.0}"
2026-09-04 14:43,17811392600000.00,887317270000.00,0.0276,0.0136,tie,"BIDU +0.4%, META +0.2%","{""NVDA"":5698620000000.0,""MSFT"":3730677300000.0,""GOOGL"":4100447999999.9995,""META"":1582800800000.0,""AMZN"":2698846500000.0,""BABA"":230809500000.0,""BIDU"":31222830000.0,""PDD"":109511500000.0,""0700.HK"":515773440000.0}"
2026-09-04 14:59,17745061030000.00,886860938000.00,-0.3724,-0.0514,China,"NVDA -0.6%, BIDU -0.5%","{""NVDA"":5664581999999.999,""MSFT"":3726375330000.0,""GOOGL"":4085202000000.0,""META"":1577646700000.0,""AMZN"":2691255000000.0,""BABA"":230727499999.99997,""BIDU"":31056198000.000004,""PDD"":109303800000.0,""0700.HK"":515773440000.0}"
2026-09-04 15:30,17731829250000.00,888801670000.00,-0.0746,0.2188,China,"BIDU +0.9%, BABA +0.6%","{""NVDA"":5649820000000.0,""MSFT"":3721761300000.0,""GOOGL"":4087742999999.9995,""META"":1585869949999.9998,""AMZN"":2686635000000.0,""BABA"":232162499999.99997,""BIDU"":31334130000.0,""PDD"":109531600000.0,""0700.HK"":515773440000.0}"
2026-09-04 15:40,17727162100000.00,888469880000.00,-0.0263,-0.0373,tie,"MSFT -0.1%, META -0.1%","{""NVDA"":5655188000000.0,""MSFT"":3716188800000.0,""GOOGL"":4084960000000.0,""META"":1584095799999.9998,""AMZN"":2686729500000.0,""BABA"":231936999999.99997,""BIDU"":31348440000.0,""PDD"":109411000000.00002,""0700.HK"":515773440000.0}"
2026-09-04 15:51,17718662600000.00,888986760000.00,-0.0479,0.0582,China,"PDD +0.4%, NVDA -0.3%","{""NVDA"":5638839999999.999,""MSFT"":3719978100000.0,""GOOGL"":4087198500000.0,""META"":1584173499999.9998,""AMZN"":2688472500000.0005,""BABA"":232039499999.99997,""BIDU"":31367520000.0,""PDD"":109806300000.0,""0700.HK"":515773440000.0}"
2026-09-04 16:01,17724308050000.00,888587560000.00,0.0319,-0.0449,US,"BABA -0.1%, GOOGL +0.1%","{""NVDA"":5637375999999.999,""MSFT"":3723061550000.0,""GOOGL"":4091493999999.9995,""META"":1584691500000.0,""AMZN"":2687685000000.0,""BABA"":231752499999.99997,""BIDU"":31335720000.000004,""PDD"":109725900000.00002,""0700.HK"":515773440000.0}"
2026-09-04 16:11,17725893850000.00,887989690000.00,0.0089,-0.0673,US,"BABA -0.2%, BIDU -0.1%","{""NVDA"":5639084000000.0,""MSFT"":3721575549999.9995,""GOOGL"":4090405000000.0,""META"":1585779300000.0,""AMZN"":2689050000000.0,""BABA"":231250250000.0,""BIDU"":31307100000.000004,""PDD"":109658900000.0,""0700.HK"":515773440000.0}"
2026-09-04 16:26,17746151980000.00,888449720000.00,0.1143,0.0518,US,"AMZN +0.4%, META +0.2%","{""NVDA"":5635350799999.999,""MSFT"":3723618800000.0,""GOOGL"":4098875000000.0,""META"":1589177379999.9998,""AMZN"":2699130000000.0,""BABA"":231486000000.0,""BIDU"":31310280000.0,""PDD"":109880000000.00002,""0700.HK"":515773440000.0}"
2026-09-04 16:36,17751688700000.00,889289990000.00,0.0312,0.0946,China,"PDD +0.3%, BABA +0.2%","{""NVDA"":5641523999999.999,""MSFT"":3724361799999.9995,""GOOGL"":4096999500000.0,""META"":1587048400000.0,""AMZN"":2701755000000.0,""BABA"":232010800000.0,""BIDU"":31330950000.0,""PDD"":110174800000.0,""0700.HK"":515773440000.0}"
2026-09-04 16:46,17760664630000.00,889800180000.00,0.0506,0.0574,tie,"PDD +0.5%, NVDA +0.2%","{""NVDA"":5653114000000.0,""MSFT"":3723767399999.9995,""GOOGL"":4098390999999.9995,""META"":1584424729999.9998,""AMZN"":2700967500000.0,""BABA"":232039499999.99997,""BIDU"":31316640000.000004,""PDD"":110670600000.0,""0700.HK"":515773440000.0}"
2026-09-04 16:56,17749035900000.00,889615820000.00,-0.0655,-0.0207,tie,"PDD -0.1%, META -0.1%","{""NVDA"":5647379999999.999,""MSFT"":3721018299999.9995,""GOOGL"":4096999500000.0,""META"":1582723100000.0,""AMZN"":2700915000000.0,""BABA"":231982100000.0,""BIDU"":31310280000.0,""PDD"":110550000000.00002,""0700.HK"":515773440000.0}"
2026-09-04 17:48,17713785300000.00,888757370000.00,-0.1986,-0.0965,China,"NVDA -0.5%, BABA -0.3%","{""NVDA"":5620540000000.0,""MSFT"":3718937899999.9995,""GOOGL"":4095850000000.0,""META"":1579537400000.0,""AMZN"":2698920000000.0,""BABA"":231373249999.99997,""BIDU"":31342080000.000004,""PDD"":110268600000.00002,""0700.HK"":515773440000.0}"
2026-09-04 17:58,17705651200000.00,888453080000.00,-0.0459,-0.0342,tie,"META -0.2%, PDD -0.2%","{""NVDA"":5615415999999.999,""MSFT"":3719755199999.9995,""GOOGL"":4094761000000.0,""META"":1576274000000.0,""AMZN"":2699444999999.9995,""BABA"":231280999999.99997,""BIDU"":31323000000.0,""PDD"":110075640000.0,""0700.HK"":515773440000.0}"
2026-09-04 18:08,17701702650000.00,888338680000.00,-0.0223,-0.0129,tie,"MSFT -0.1%, AMZN +0.1%","{""NVDA"":5616636000000.0,""MSFT"":3715520099999.9995,""GOOGL"":4093066999999.9995,""META"":1575354550000.0,""AMZN"":2701125000000.0,""BABA"":231178500000.0,""BIDU"":31332540000.0,""PDD"":110054200000.0,""0700.HK"":515773440000.0}"
2026-09-04 18:18,17716269950000.00,888952060000.00,0.0823,0.0690,tie,"META +0.5%, PDD +0.2%","{""NVDA"":5622028400000.0,""MSFT"":3715631549999.9995,""GOOGL"":4092825000000.0,""META"":1583137499999.9998,""AMZN"":2702647500000.0,""BABA"":231506500000.0,""BIDU"":31383420000.0,""PDD"":110288700000.00002,""0700.HK"":515773440000.0}"
2026-09-04 18:28,17714342950000.00,888769440000.00,-0.0109,-0.0205,tie,"GOOGL +0.1%, BABA -0.1%","{""NVDA"":5619197999999.999,""MSFT"":3714888550000.0,""GOOGL"":4095365999999.9995,""META"":1583292899999.9998,""AMZN"":2701597500000.0005,""BABA"":231383500000.0,""BIDU"":31370700000.000004,""PDD"":110241800000.0,""0700.HK"":515773440000.0}"
2026-09-04 18:38,17714089300000.00,888949770000.00,-0.0014,0.0203,tie,"PDD +0.2%, AMZN +0.1%","{""NVDA"":5615904000000.0,""MSFT"":3714814250000.0,""GOOGL"":4096212999999.9995,""META"":1581570550000.0,""AMZN"":2705587500000.0,""BABA"":231383500000.0,""BIDU"":31350029999.999996,""PDD"":110442800000.0,""0700.HK"":515773440000.0}"
2026-09-04 18:48,17729704800000.00,889168810000.00,0.0882,0.0246,US,"META +0.3%, MSFT +0.1%","{""NVDA"":5621272000000.0,""MSFT"":3719458000000.0,""GOOGL"":4098028000000.0005,""META"":1585779300000.0,""AMZN"":2705167500000.0,""BABA"":231496249999.99997,""BIDU"":31335720000.000004,""PDD"":110563400000.00002,""0700.HK"":515773440000.0}"
2026-09-04 18:58,17750913410000.00,889286990000.00,0.1196,0.0133,US,"META +0.4%, AMZN +0.2%","{""NVDA"":5626005600000.0,""MSFT"":3718900750000.0,""GOOGL"":4103533499999.9995,""META"":1592161060000.0,""AMZN"":2710312500000.0,""BABA"":231680750000.0,""BIDU"":31323000000.0,""PDD"":110509800000.0,""0700.HK"":515773440000.0}"
2026-09-04 19:08,17731399600000.00,889071020000.00,-0.1099,-0.0243,China,"NVDA -0.3%, PDD -0.1%","{""NVDA"":5610291999999.999,""MSFT"":3714777100000.0005,""GOOGL"":4102807500000.0,""META"":1593368000000.0,""AMZN"":2710155000000.0,""BABA"":231608999999.99997,""BIDU"":31326180000.0,""PDD"":110362400000.00002,""0700.HK"":515773440000.0}"
2026-09-05 23:41,17740710300000.00,889708300000.00,0.0525,0.0717,tie,"BIDU +1.0%, META +0.3%","{""NVDA"":5620784000000.0,""MSFT"":3712770999999.9995,""GOOGL"":4095365999999.9995,""META"":1597434300000.0,""AMZN"":2714355000000.0,""BABA"":232141999999.99997,""BIDU"":31631460000.0,""PDD"":110161400000.0,""0700.HK"":515773440000.0}"
2026-09-05 23:51,17740710300000.00,889708300000.00,0.0000,0.0000,tie,"NVDA +0.0%, MSFT +0.0%","{""NVDA"":5620784000000.0,""MSFT"":3712770999999.9995,""GOOGL"":4095365999999.9995,""META"":1597434300000.0,""AMZN"":2714355000000.0,""BABA"":232141999999.99997,""BIDU"":31631460000.0,""PDD"":110161400000.0,""0700.HK"":515773440000.0}"
2026-09-07 13:20,17740710300000.00,884583180000.00,0.0000,-0.5760,US,"0700.HK -1.0%, NVDA +0.0%","{""NVDA"":5620784000000.0,""MSFT"":3712770999999.9995,""GOOGL"":4095365999999.9995,""META"":1597434300000.0,""AMZN"":2714355000000.0,""BABA"":232141999999.99997,""BIDU"":31631460000.0,""PDD"":110161400000.0,""0700.HK"":510648319999.99994}"
2026-09-07 13:30,17740710300000.00,884583180000.00,0.0000,-0.0000,tie,"NVDA +0.0%, MSFT +0.0%","{""NVDA"":5620784000000.0,""MSFT"":3712770999999.9995,""GOOGL"":4095365999999.9995,""META"":1597434300000.0,""AMZN"":2714355000000.0,""BABA"":232141999999.99997,""BIDU"":31631460000.0,""PDD"":110161400000.0,""0700.HK"":510648319999.99994}"
2026-09-08 18:24,17550168240000.00,874564820000.00,-1.0740,-1.1326,US,"BIDU -7.6%, PDD -2.9%","{""NVDA"":5512081999999.999,""MSFT"":3653999700000.0,""GOOGL"":4089921000000.0,""META"":1597398039999.9998,""AMZN"":2696767500000.0,""BABA"":231178500000.0,""BIDU"":29240100000.0,""PDD"":106992300000.0,""0700.HK"":507153919999.99994}"
2026-09-09 13:14,17559114700000.00,872772100000.00,0.0510,-0.2050,US,"BIDU +0.7%, META -0.5%","{""NVDA"":5507811999999.999,""MSFT"":3670048500000.0,""GOOGL"":4094156000000.0,""META"":1588913200000.0,""AMZN"":2698185000000.0005,""BABA"":230952999999.99997,""BIDU"":29430900000.0,""PDD"":106865000000.00002,""0700.HK"":505523199999.99994}"
2026-09-09 13:24,17559114700000.00,872772100000.00,0.0000,-0.0000,tie,"NVDA +0.0%, MSFT +0.0%","{""NVDA"":5507811999999.999,""MSFT"":3670048500000.0,""GOOGL"":4094156000000.0,""META"":1588913200000.0,""AMZN"":2698185000000.0005,""BABA"":230952999999.99997,""BIDU"":29430900000.0,""PDD"":106865000000.00002,""0700.HK"":505523199999.99994}"
2026-09-09 13:34,17459799760000.00,868857490000.00,-0.5656,-0.4485,China,"META +4.9%, GOOGL -2.7%","{""NVDA"":5492781599999.999,""MSFT"":3661615450000.0,""GOOGL"":3984530000000.0,""META"":1667102710000.0,""AMZN"":2653770000000.0,""BABA"":228124000000.0,""BIDU"":29591490000.000004,""PDD"":105618800000.0,""0700.HK"":505523199999.99994}"
2026-09-09 13:44,17460214000000.00,868327410000.00,0.0024,-0.0610,US,"META +0.4%, BABA -0.2%","{""NVDA"":5494343199999.999,""MSFT"":3660612400000.0,""GOOGL"":3982714999999.9995,""META"":1673813399999.9998,""AMZN"":2648730000000.0,""BABA"":227580750000.0,""BIDU"":29564460000.0,""PDD"":105658999999.99998,""0700.HK"":505523199999.99994}"
2026-09-09 13:55,17457457400000.00,867402100000.00,-0.0158,-0.1066,US,"BABA -0.4%, AMZN +0.3%","{""NVDA"":5481338000000.0,""MSFT"":3658383399999.9995,""GOOGL"":3984711500000.0,""META"":1677154499999.9998,""AMZN"":2655870000000.0,""BABA"":226709500000.0,""BIDU"":29510400000.0,""PDD"":105658999999.99998,""0700.HK"":505523199999.99994}"
2026-09-09 14:05,17417550000000.00,867960330000.00,-0.2286,0.0644,China,"BIDU +0.3%, GOOGL -0.3%","{""NVDA"":5470480000000.0,""MSFT"":3655894350000.0,""GOOGL"":3971462000000.0,""META"":1672453650000.0,""AMZN"":2647260000000.0,""BABA"":227088750000.0,""BIDU"":29608980000.0,""PDD"":105739400000.0,""0700.HK"":505523199999.99994}"
2026-09-09 14:15,17439106020000.00,867168500000.00,0.1238,-0.0912,US,"GOOGL +0.8%, PDD -0.2%","{""NVDA"":5466942000000.0,""MSFT"":3648419770000.0,""GOOGL"":4002062900000.0005,""META"":1670588849999.9998,""AMZN"":2651092500000.0,""BABA"":226586499999.99997,""BIDU"":29574000000.0,""PDD"":105484800000.0,""0700.HK"":505523199999.99994}"
2026-09-09 14:25,17416163400000.00,866333520000.00,-0.1316,-0.0963,tie,"META -0.5%, AMZN -0.4%","{""NVDA"":5474871999999.999,""MSFT"":3643671999999.9995,""GOOGL"":3994028499999.9995,""META"":1662158399999.9998,""AMZN"":2641432500000.0,""BABA"":225848499999.99997,""BIDU"":29570819999.999996,""PDD"":105391000000.00002,""0700.HK"":505523199999.99994}"
2026-09-09 14:35,17443761250000.00,867257650000.00,0.1585,0.1067,US,"MSFT +0.4%, PDD +0.3%","{""NVDA"":5487925999999.999,""MSFT"":3658531999999.9995,""GOOGL"":3989067500000.0,""META"":1661290750000.0,""AMZN"":2646945000000.0,""BABA"":226397900000.0,""BIDU"":29636010000.0,""PDD"":105700540000.0,""0700.HK"":505523199999.99994}"
2026-09-09 14:45,17461111160000.00,867078540000.00,0.0995,-0.0207,US,"META +1.0%, NVDA -0.2%","{""NVDA"":5475115999999.999,""MSFT"":3663064300000.0,""GOOGL"":3994936000000.0,""META"":1677164859999.9998,""AMZN"":2650830000000.0,""BABA"":226422500000.0,""BIDU"":29567640000.0,""PDD"":105565200000.0,""0700.HK"":505523199999.99994}"
2026-09-09 14:55,17462261700000.00,866283180000.00,0.0066,-0.0917,US,"META +0.5%, BABA -0.3%","{""NVDA"":5470480000000.0,""MSFT"":3664030199999.9995,""GOOGL"":3996012900000.0,""META"":1684898599999.9998,""AMZN"":2646840000000.0,""BABA"":225643499999.99997,""BIDU"":29497680000.000004,""PDD"":105618800000.0,""0700.HK"":505523199999.99994}"
2026-09-09 15:05,17460710300000.00,865582222000.00,-0.0089,-0.0809,US,"META +0.8%, BABA -0.3%","{""NVDA"":5477067999999.999,""MSFT"":3662767100000.0,""GOOGL"":3983804000000.0,""META"":1698211199999.9998,""AMZN"":2638860000000.0,""BABA"":224946500000.0,""BIDU"":29440122000.0,""PDD"":105672400000.00002,""0700.HK"":505523199999.99994}"
2026-09-09 15:32,17431197400000.00,864984550000.00,-0.1690,-0.0690,China,"BIDU -0.6%, META -0.5%","{""NVDA"":5469625999999.999,""MSFT"":3654668400000.0,""GOOGL"":3983199000000.0,""META"":1688939000000.0,""AMZN"":2634765000000.0,""BABA"":224878850000.0,""BIDU"":29271900000.0,""PDD"":105310600000.00002,""0700.HK"":505523199999.99994}"
2026-09-09 15:42,17433227200000.00,865009140000.00,0.0116,0.0028,tie,"BIDU +0.2%, AMZN +0.2%","{""NVDA"":5467186000000.0,""MSFT"":3653553900000.0,""GOOGL"":3984663100000.0,""META"":1689016700000.0,""AMZN"":2638807500000.0,""BABA"":224819400000.0,""BIDU"":29329140000.000004,""PDD"":105337400000.0,""0700.HK"":505523199999.99994}"
2026-09-09 15:52,17453130750000.00,865172060000.00,0.1142,0.0188,US,"GOOGL +0.2%, AMZN +0.1%","{""NVDA"":5473652000000.0,""MSFT"":3656488750000.0,""GOOGL"":3992576499999.9995,""META"":1687773499999.9998,""AMZN"":2642640000000.0,""BABA"":224885000000.0,""BIDU"":29325960000.0,""PDD"":105437900000.00002,""0700.HK"":505523199999.99994}"
2026-09-09 16:03,17449694200000.00,865735150000.00,-0.0197,0.0651,China,"META +0.3%, BABA +0.2%","{""NVDA"":5470357999999.999,""MSFT"":3657714700000.0,""GOOGL"":3987071000000.0,""META"":1692435500000.0,""AMZN"":2642115000000.0,""BABA"":225338049999.99997,""BIDU"":29335500000.0,""PDD"":105538400000.00002,""0700.HK"":505523199999.99994}"
2026-09-09 16:13,17440100100000.00,865014690000.00,-0.0550,-0.0832,tie,"BABA -0.2%, PDD -0.2%","{""NVDA"":5468772000000.0,""MSFT"":3653999700000.0,""GOOGL"":3985631100000.0,""META"":1691839800000.0,""AMZN"":2639857500000.0,""BABA"":224854249999.99997,""BIDU"":29313240000.000004,""PDD"":105324000000.0,""0700.HK"":505523199999.99994}"
2026-09-09 16:23,17433315200000.00,865253900000.00,-0.0389,0.0277,China,"BIDU +0.1%, MSFT -0.1%","{""NVDA"":5462915999999.999,""MSFT"":3649467400000.0,""GOOGL"":3988160000000.0005,""META"":1690026799999.9998,""AMZN"":2642745000000.0,""BABA"":225028499999.99997,""BIDU"":29351400000.0,""PDD"":105350800000.0,""0700.HK"":505523199999.99994}"
2026-09-09 16:33,17430822100000.00,865696510000.00,-0.0143,0.0512,China,"META -0.2%, AMZN -0.1%","{""NVDA"":5461085999999.999,""MSFT"":3654594100000.0,""GOOGL"":3989128000000.0,""META"":1686996500000.0,""AMZN"":2639017500000.0,""BABA"":225325750000.0,""BIDU"":29389560000.0,""PDD"":105458000000.00002,""0700.HK"":505523199999.99994}"
2026-09-09 16:43,17431075000000.00,865718060000.00,0.0015,0.0025,tie,"META -0.2%, NVDA +0.1%","{""NVDA"":5465722000000.0,""MSFT"":3655485699999.9995,""GOOGL"":3987676000000.0,""META"":1684328800000.0,""AMZN"":2637862499999.9995,""BABA"":225356499999.99997,""BIDU"":29373660000.0,""PDD"":105464700000.00002,""0700.HK"":505523199999.99994}"
2026-09-09 16:53,17458560850000.00,866054300000.00,0.1577,0.0388,US,"AMZN +0.3%, BIDU +0.2%","{""NVDA"":5471212000000.0,""MSFT"":3662061249999.9995,""GOOGL"":3993605000000.0,""META"":1685157599999.9998,""AMZN"":2646525000000.0,""BABA"":225508200000.0,""BIDU"":29430900000.0,""PDD"":105592000000.0,""0700.HK"":505523199999.99994}"
2026-09-09 17:03,17463758530000.00,866315770000.00,0.0298,0.0302,tie,"BIDU -0.3%, BABA +0.1%","{""NVDA"":5468527999999.999,""MSFT"":3665672229999.9995,""GOOGL"":3997416500000.0,""META"":1686141799999.9998,""AMZN"":2646000000000.0,""BABA"":225766499999.99997,""BIDU"":29340270000.0,""PDD"":105685800000.00002,""0700.HK"":505523199999.99994}"
2026-09-09 17:13,17473072300000.00,865679660000.00,0.0533,-0.0734,US,"BABA -0.2%, META +0.2%","{""NVDA"":5472798000000.0,""MSFT"":3659943700000.0,""GOOGL"":4002922000000.0,""META"":1688783599999.9998,""AMZN"":2648625000000.0,""BABA"":225274500000.0,""BIDU"":29310060000.0,""PDD"":105571900000.0,""0700.HK"":505523199999.99994}"
2026-09-09 17:24,17487727320000.00,866467500000.00,0.0839,0.0910,tie,"BABA +0.3%, BIDU +0.2%","{""NVDA"":5473407999999.999,""MSFT"":3662024100000.0,""GOOGL"":4010787000000.0005,""META"":1689995720000.0,""AMZN"":2651512500000.0005,""BABA"":225848499999.99997,""BIDU"":29383200000.000004,""PDD"":105712600000.00002,""0700.HK"":505523199999.99994}"
2026-09-09 17:35,13474353750000.00,866323380000.00,-22.9497,-0.0166,China,"AMZN -0.1%, META +0.1%","{""NVDA"":5471943999999.999,""MSFT"":3662247000000.0,""META"":1691852750000.0,""AMZN"":2648310000000.0,""BABA"":225766499999.99997,""BIDU"":29354580000.000004,""PDD"":105679100000.0,""0700.HK"":505523199999.99994}"
2026-09-09 19:18,0.00,865204190000.00,-100.0000,-0.1292,China,"BABA -0.4%, PDD -0.1%","{""BABA"":224802999999.99997,""BIDU"":29352990000.000004,""PDD"":105525000000.0,""0700.HK"":505523199999.99994}"
2026-09-09 20:39,17454629600000.00,864396140000.00,,-0.0934,n/a,"BIDU -0.3%, BABA -0.2%","{""NVDA"":5457548000000.0,""MSFT"":3652959499999.9995,""GOOGL"":4000865000000.0,""META"":1693057100000.0,""AMZN"":2650200000000.0005,""BABA"":224269999999.99997,""BIDU"":29265540000.0,""PDD"":105337400000.0,""0700.HK"":505523199999.99994}"
2026-09-09 20:50,17454629600000.00,864396140000.00,0.0000,-0.0000,tie,"NVDA +0.0%, MSFT +0.0%","{""NVDA"":5457548000000.0,""MSFT"":3652959499999.9995,""GOOGL"":4000865000000.0,""META"":1693057100000.0,""AMZN"":2650200000000.0005,""BABA"":224269999999.99997,""BIDU"":29265540000.0,""PDD"":105337400000.0,""0700.HK"":505523199999.99994}"
2026-09-10 01:19,17454629600000.00,861600620000.00,0.0000,-0.3234,US,"0700.HK -0.6%, NVDA +0.0%","{""NVDA"":5457548000000.0,""MSFT"":3652959499999.9995,""GOOGL"":4000865000000.0,""META"":1693057100000.0,""AMZN"":2650200000000.0005,""BABA"":224269999999.99997,""BIDU"":29265540000.0,""PDD"":105337400000.0,""0700.HK"":502727680000.0}"
2026-09-10 14:33,17330155700000.00,850470960000.00,-0.7131,-1.2917,US,"NVDA -2.5%, BIDU -1.5%","{""NVDA"":5323347999999.999,""MSFT"":3656005800000.0,""GOOGL"":4005886500000.0,""META"":1698547899999.9998,""AMZN"":2646367500000.0,""BABA"":221646000000.0,""BIDU"":28813980000.0,""PDD"":104272100000.00002,""0700.HK"":495738880000.0}"
2026-09-10 14:43,17339890700000.00,851752600000.00,0.0562,0.1507,China,"BABA +0.5%, BIDU +0.3%","{""NVDA"":5326276000000.0,""MSFT"":3656674499999.9995,""GOOGL"":4002075000000.0,""META"":1702355199999.9998,""AMZN"":2652510000000.0,""BABA"":222783749999.99997,""BIDU"":28910970000.000004,""PDD"":104319000000.0,""0700.HK"":495738880000.0}"
2026-09-10 15:07,17333820750000.00,852262900000.00,-0.0350,0.0599,China,"BABA +0.2%, AMZN -0.1%","{""NVDA"":5330424000000.0,""MSFT"":3652402249999.9995,""GOOGL"":3999412999999.9995,""META"":1702536500000.0,""AMZN"":2649045000000.0,""BABA"":223203999999.99997,""BIDU"":28887120000.000004,""PDD"":104432900000.0,""0700.HK"":495738880000.0}"
2026-09-10 17:22,5346220050000.00,852149220000.00,-69.1573,-0.0133,China,"META -1.3%, MSFT +0.4%","{""MSFT"":3665776250000.0,""META"":1680443800000.0,""BABA"":223122000000.0,""BIDU"":28915740000.000004,""PDD"":104372600000.0,""0700.HK"":495738880000.0}"
2026-09-10 17:32,17336872700000.00,852211000000.00,224.2828,0.0072,US,"MSFT -0.2%, META -0.1%","{""NVDA"":5335499200000.0,""MSFT"":3660166600000.0,""GOOGL"":4012360000000.0,""META"":1679381899999.9998,""AMZN"":2649465000000.0,""BABA"":223162999999.99997,""BIDU"":28903020000.0,""PDD"":104406100000.00002,""0700.HK"":495738880000.0}"
2026-09-10 17:44,0.00,852438660000.00,-100.0000,0.0267,China,"BABA +0.1%, BIDU +0.1%","{""BABA"":223388499999.99997,""BIDU"":28925279999.999996,""PDD"":104386000000.00002,""0700.HK"":495738880000.0}"
2026-09-10 17:54,17337488450000.00,852435710000.00,,-0.0003,n/a,"BIDU +0.1%, PDD -0.0%","{""NVDA"":5332571199999.999,""MSFT"":3659237850000.0,""GOOGL"":4018894000000.0,""META"":1678475399999.9998,""AMZN"":2648310000000.0,""BABA"":223388499999.99997,""BIDU"":28949130000.0,""PDD"":104359200000.0,""0700.HK"":495738880000.0}"
2026-09-10 18:05,11628442600000.00,851705580000.00,-32.9289,-0.0857,China,"PDD -0.3%, BABA -0.2%","{""NVDA"":5325910000000.0,""MSFT"":3654222599999.9995,""AMZN"":2648310000000.0,""BABA"":222937499999.99997,""BIDU"":28938000000.0,""PDD"":104091200000.00002,""0700.HK"":495738880000.0}"
2026-09-10 18:15,17309471900000.00,851675500000.00,48.8546,-0.0035,US,"MSFT -0.2%, PDD -0.1%","{""NVDA"":5321127600000.0,""MSFT"":3647981400000.0,""GOOGL"":4017200000000.0,""META"":1676532899999.9998,""AMZN"":2646630000000.0,""BABA"":223060500000.0,""BIDU"":28918920000.0,""PDD"":103957200000.0,""0700.HK"":495738880000.0}"
2026-09-10 19:41,17321350950000.00,851790340000.00,0.0686,0.0135,US,"META -0.5%, PDD +0.3%","{""NVDA"":5333352000000.0,""MSFT"":3649801750000.0,""GOOGL"":4028513500000.0,""META"":1667778699999.9998,""AMZN"":2641905000000.0,""BABA"":222875999999.99997,""BIDU"":28896660000.0,""PDD"":104278800000.0,""0700.HK"":495738880000.0}"
2026-09-10 19:51,17318036000000.00,851353270000.00,-0.0191,-0.0513,tie,"PDD -0.1%, BIDU -0.1%","{""NVDA"":5333474000000.0,""MSFT"":3653293850000.0,""GOOGL"":4025669999999.9995,""META"":1666108149999.9998,""AMZN"":2639490000000.0,""BABA"":222609500000.0,""BIDU"":28860090000.0,""PDD"":104144800000.0,""0700.HK"":495738880000.0}"
2026-09-10 20:01,17325062400000.00,851379600000.00,0.0406,0.0031,tie,"AMZN +0.2%, BIDU -0.2%","{""NVDA"":5327984000000.0,""MSFT"":3658829199999.9995,""GOOGL"":4024460000000.0,""META"":1668944200000.0,""AMZN"":2644845000000.0,""BABA"":222527499999.99997,""BIDU"":28807620000.0,""PDD"":104305600000.00002,""0700.HK"":495738880000.0}"
2026-09-10 20:11,17325062400000.00,851379600000.00,0.0000,0.0000,tie,"NVDA +0.0%, MSFT +0.0%","{""NVDA"":5327984000000.0,""MSFT"":3658829199999.9995,""GOOGL"":4024460000000.0,""META"":1668944200000.0,""AMZN"":2644845000000.0,""BABA"":222527499999.99997,""BIDU"":28807620000.0,""PDD"":104305600000.00002,""0700.HK"":495738880000.0}"
2026-09-10 20:21,17325062400000.00,851400100000.00,0.0000,0.0024,tie,"BABA +0.0%, NVDA +0.0%","{""NVDA"":5327984000000.0,""MSFT"":3658829199999.9995,""GOOGL"":4024460000000.0,""META"":1668944200000.0,""AMZN"":2644845000000.0,""BABA"":222547999999.99997,""BIDU"":28807620000.0,""PDD"":104305600000.00002,""0700.HK"":495738880000.0}"
2026-09-11 01:23,17325062400000.00,850701220000.00,0.0000,-0.0821,US,"0700.HK -0.1%, NVDA +0.0%","{""NVDA"":5327984000000.0,""MSFT"":3658829199999.9995,""GOOGL"":4024460000000.0,""META"":1668944200000.0,""AMZN"":2644845000000.0,""BABA"":222547999999.99997,""BIDU"":28807620000.0,""PDD"":104305600000.00002,""0700.HK"":495040000000.0}"
2026-09-11 01:33,17325062400000.00,842547620000.00,0.0000,-0.9585,US,"0700.HK -1.6%, NVDA +0.0%","{""NVDA"":5327984000000.0,""MSFT"":3658829199999.9995,""GOOGL"":4024460000000.0,""META"":1668944200000.0,""AMZN"":2644845000000.0,""BABA"":222547999999.99997,""BIDU"":28807620000.0,""PDD"":104305600000.00002,""0700.HK"":486886399999.99994}"
2026-09-11 01:43,17325062400000.00,844178340000.00,0.0000,0.1935,China,"0700.HK +0.3%, NVDA +0.0%","{""NVDA"":5327984000000.0,""MSFT"":3658829199999.9995,""GOOGL"":4024460000000.0,""META"":1668944200000.0,""AMZN"":2644845000000.0,""BABA"":222547999999.99997,""BIDU"":28807620000.0,""PDD"":104305600000.00002,""0700.HK"":488517119999.99994}"
2026-09-11 01:53,17325062400000.00,848604580000.00,0.0000,0.5243,China,"0700.HK +0.9%, NVDA +0.0%","{""NVDA"":5327984000000.0,""MSFT"":3658829199999.9995,""GOOGL"":4024460000000.0,""META"":1668944200000.0,""AMZN"":2644845000000.0,""BABA"":222547999999.99997,""BIDU"":28807620000.0,""PDD"":104305600000.00002,""0700.HK"":492943360000.0}"
2026-09-11 02:03,17325062400000.00,855826340000.00,0.0000,0.8510,China,"0700.HK +1.5%, NVDA +0.0%","{""NVDA"":5327984000000.0,""MSFT"":3658829199999.9995,""GOOGL"":4024460000000.0,""META"":1668944200000.0,""AMZN"":2644845000000.0,""BABA"":222547999999.99997,""BIDU"":28807620000.0,""PDD"":104305600000.00002,""0700.HK"":500165119999.99994}"
2026-09-11 02:22,17325062400000.00,852564900000.00,0.0000,-0.3811,US,"0700.HK -0.7%, NVDA +0.0%","{""NVDA"":5327984000000.0,""MSFT"":3658829199999.9995,""GOOGL"":4024460000000.0,""META"":1668944200000.0,""AMZN"":2644845000000.0,""BABA"":222547999999.99997,""BIDU"":28807620000.0,""PDD"":104305600000.00002,""0700.HK"":496903680000.0}"
2026-09-11 02:32,17325062400000.00,852098980000.00,0.0000,-0.0546,US,"0700.HK -0.1%, NVDA +0.0%","{""NVDA"":5327984000000.0,""MSFT"":3658829199999.9995,""GOOGL"":4024460000000.0,""META"":1668944200000.0,""AMZN"":2644845000000.0,""BABA"":222547999999.99997,""BIDU"":28807620000.0,""PDD"":104305600000.00002,""0700.HK"":496437759999.99994}"
2026-09-11 02:44,17325062400000.00,852797860000.00,0.0000,0.0820,China,"0700.HK +0.1%, NVDA +0.0%","{""NVDA"":5327984000000.0,""MSFT"":3658829199999.9995,""GOOGL"":4024460000000.0,""META"":1668944200000.0,""AMZN"":2644845000000.0,""BABA"":222547999999.99997,""BIDU"":28807620000.0,""PDD"":104305600000.00002,""0700.HK"":497136640000.0}"
2026-09-11 15:28,17590064600000.00,857688060000.00,1.5296,0.5734,US,"GOOGL +2.9%, BIDU +1.9%","{""NVDA"":5374099999999.999,""MSFT"":3689626549999.9995,""GOOGL"":4142737500000.0,""META"":1690350550000.0,""AMZN"":2693250000000.0,""BABA"":224782500000.0,""BIDU"":29345040000.0,""PDD"":104560200000.00002,""0700.HK"":499000319999.99994}"
2026-09-11 15:38,17558877580000.00,856958820000.00,-0.1773,-0.0850,China,"BIDU -0.3%, GOOGL -0.2%","{""NVDA"":5362022000000.0,""MSFT"":3685807530000.0,""GOOGL"":4132452499999.9995,""META"":1691645550000.0,""AMZN"":2686950000000.0005,""BABA"":224249499999.99997,""BIDU"":29256000000.0,""PDD"":104453000000.0,""0700.HK"":499000319999.99994}"
2026-09-11 15:48,17541923350000.00,856984480000.00,-0.0966,0.0030,China,"META -0.4%, BIDU -0.1%","{""NVDA"":5357996000000.0,""MSFT"":3686320199999.9995,""GOOGL"":4128036000000.0,""META"":1685403650000.0,""AMZN"":2684167500000.0,""BABA"":224249499999.99997,""BIDU"":29214660000.000004,""PDD"":104520000000.00002,""0700.HK"":499000319999.99994}"
2026-09-11 15:58,17543905900000.00,857101060000.00,0.0113,0.0136,tie,"MSFT -0.4%, META +0.3%","{""NVDA"":5360679999999.999,""MSFT"":3673243400000.0,""GOOGL"":4133904499999.9995,""META"":1690493000000.0,""AMZN"":2685585000000.0,""BABA"":224351999999.99997,""BIDU"":29201940000.0,""PDD"":104546800000.0,""0700.HK"":499000319999.99994}"
2026-09-11 16:08,17559732310000.00,856869980000.00,0.0902,-0.0270,US,"MSFT +0.3%, AMZN +0.1%","{""NVDA"":5362143999999.999,""MSFT"":3685762950000.0,""GOOGL"":4133602000000.0,""META"":1689855860000.0,""AMZN"":2688367500000.0005,""BABA"":224239250000.0,""BIDU"":29190810000.000004,""PDD"":104439600000.0,""0700.HK"":499000319999.99994}"
2026-09-11 16:19,17532277820000.00,856856190000.00,-0.1563,-0.0016,China,"META -0.3%, NVDA -0.2%","{""NVDA"":5350798000000.0,""MSFT"":3683273900000.0,""GOOGL"":4126523500000.0,""META"":1685152420000.0,""AMZN"":2686530000000.0,""BABA"":224341750000.0,""BIDU"":29141520000.0,""PDD"":104372600000.0,""0700.HK"":499000319999.99994}"
2026-09-11 16:29,17522324300000.00,856650260000.00,-0.0568,-0.0240,tie,"META -0.1%, GOOGL -0.1%","{""NVDA"":5351286000000.0,""MSFT"":3680896300000.0,""GOOGL"":4121260000000.0,""META"":1682981999999.9998,""AMZN"":2685900000000.0,""BABA"":224208500000.0,""BIDU"":29122440000.0,""PDD"":104319000000.0,""0700.HK"":499000319999.99994}"
2026-09-11 16:58,17506166600000.00,857103550000.00,-0.0922,0.0529,China,"PDD +0.3%, META -0.3%","{""NVDA"":5346284000000.0,""MSFT"":3672797600000.0,""GOOGL"":4123075000000.0,""META"":1678320000000.0,""AMZN"":2685690000000.0,""BABA"":224351999999.99997,""BIDU"":29124029999.999996,""PDD"":104627200000.0,""0700.HK"":499000319999.99994}"
2026-09-11 17:51,17523398800000.00,224513950000.00,0.0984,-73.8055,US,"AMZN +0.4%, MSFT +0.2%","{""NVDA"":5350675999999.999,""MSFT"":3678741600000.0,""GOOGL"":4118235000000.0005,""META"":1680081199999.9998,""AMZN"":2695665000000.0,""BABA"":224513950000.0}"
2026-09-11 18:01,17523856500000.00,856640330000.00,0.0026,281.5533,China,"BABA -0.1%, META +0.1%","{""NVDA"":5345186000000.0,""MSFT"":3680301900000.0,""GOOGL"":4118477000000.0,""META"":1682179099999.9998,""AMZN"":2697712500000.0,""BABA"":224229000000.0,""BIDU"":29159010000.0,""PDD"":104252000000.0,""0700.HK"":499000319999.99994}"
2026-09-11 20:07,17479244600000.00,856375420000.00,-0.2546,-0.0309,China,"GOOGL -0.5%, NVDA -0.4%","{""NVDA"":5326276000000.0,""MSFT"":3682530899999.9995,""GOOGL"":4095850000000.0,""META"":1678397699999.9998,""AMZN"":2696189999999.9995,""BABA"":224044500000.0,""BIDU"":29065200000.0,""PDD"":104265400000.00002,""0700.HK"":499000319999.99994}"
2026-09-11 20:17,17479244600000.00,856395920000.00,-0.0000,0.0024,tie,"BABA +0.0%, NVDA +0.0%","{""NVDA"":5326276000000.0,""MSFT"":3682530899999.9995,""GOOGL"":4095850000000.0,""META"":1678397699999.9998,""AMZN"":2696189999999.9995,""BABA"":224064999999.99997,""BIDU"":29065200000.0,""PDD"":104265400000.00002,""0700.HK"":499000319999.99994}"
2026-09-14 15:16,17416511250000.00,860257330000.00,-0.3589,0.4509,China,"NVDA -3.4%, GOOGL +2.2%","{""NVDA"":5144740000000.0,""MSFT"":3738218750000.0,""GOOGL"":4184361500000.0,""META"":1696838499999.9998,""AMZN"":2652352500000.0,""BABA"":223808749999.99997,""BIDU"":29240100000.0,""PDD"":105645600000.00002,""0700.HK"":501562880000.0}"
2026-09-14 15:26,17439874400000.00,861097380000.00,0.1341,0.0977,tie,"AMZN +0.3%, BABA +0.3%","{""NVDA"":5154500000000.0,""MSFT"":3744868600000.0,""GOOGL"":4180308000000.0,""META"":1700127799999.9998,""AMZN"":2660070000000.0,""BABA"":224413499999.99997,""BIDU"":29287799999.999996,""PDD"":105833200000.0,""0700.HK"":501562880000.0}"
2026-09-14 15:36,17467695500000.00,861109600000.00,0.1595,0.0014,US,"NVDA +0.3%, META +0.3%","{""NVDA"":5172482800000.0,""MSFT"":3749623800000.0,""GOOGL"":4176436000000.0005,""META"":1705670399999.9998,""AMZN"":2663482500000.0,""BABA"":224515999999.99997,""BIDU"":29284620000.0,""PDD"":105746100000.00002,""0700.HK"":501562880000.0}"
2026-09-14 15:46,17487388140000.00,861540600000.00,0.1127,0.0501,US,"AMZN +0.3%, GOOGL +0.2%","{""NVDA"":5173532000000.0,""MSFT"":3752246589999.9995,""GOOGL"":4184785000000.0,""META"":1706149549999.9998,""AMZN"":2670674999999.9995,""BABA"":224844000000.0,""BIDU"":29300520000.000004,""PDD"":105833200000.0,""0700.HK"":501562880000.0}"
2026-09-14 15:56,17483495470000.00,861104010000.00,-0.0223,-0.0507,tie,"META +0.3%, BIDU -0.2%","{""NVDA"":5171628799999.999,""MSFT"":3751481300000.0,""GOOGL"":4182607000000.0,""META"":1710935869999.9998,""AMZN"":2666842500000.0,""BABA"":224587750000.0,""BIDU"":29227380000.0,""PDD"":105726000000.00002,""0700.HK"":501562880000.0}"
2026-09-14 16:06,17467763200000.00,860857210000.00,-0.0900,-0.0287,China,"META -0.2%, AMZN -0.2%","{""NVDA"":5169359600000.0,""MSFT"":3750292500000.0,""GOOGL"":4178009000000.0,""META"":1707302100000.0,""AMZN"":2662799999999.9995,""BABA"":224300750000.0,""BIDU"":29227380000.0,""PDD"":105766200000.00002,""0700.HK"":501562880000.0}"
2026-09-14 16:17,17497680860000.00,862584280000.00,0.1713,0.2006,tie,"PDD +1.0%, META +0.4%","{""NVDA"":5177436000000.0,""MSFT"":3754527600000.0,""GOOGL"":4187447000000.0,""META"":1713580260000.0,""AMZN"":2664690000000.0,""BABA"":224946500000.0,""BIDU"":29303700000.000004,""PDD"":106771200000.00002,""0700.HK"":501562880000.0}"
2026-09-14 16:27,17486058300000.00,862354660000.00,-0.0664,-0.0266,tie,"META -0.2%, PDD -0.2%","{""NVDA"":5168896000000.0,""MSFT"":3755307750000.0,""GOOGL"":4189019999999.9995,""META"":1710034549999.9998,""AMZN"":2662799999999.9995,""BABA"":224946500000.0,""BIDU"":29275080000.000004,""PDD"":106570200000.00002,""0700.HK"":501562880000.0}"
2026-09-14 16:37,17492197500000.00,863468840000.00,0.0351,0.1292,China,"PDD +0.7%, GOOGL +0.2%","{""NVDA"":5163528000000.0,""MSFT"":3755939300000.0,""GOOGL"":4199062999999.999,""META"":1711549700000.0,""AMZN"":2662117500000.0,""BABA"":225315500000.0,""BIDU"":29310060000.0,""PDD"":107280400000.00002,""0700.HK"":501562880000.0}"
2026-09-14 16:47,17520254800000.00,864011890000.00,0.1604,0.0629,US,"MSFT +0.4%, META +0.3%","{""NVDA"":5172556000000.0,""MSFT"":3769536199999.9995,""GOOGL"":4194344000000.0,""META"":1715978600000.0,""AMZN"":2667840000000.0,""BABA"":225786999999.99997,""BIDU"":29381610000.0,""PDD"":107280400000.00002,""0700.HK"":501562880000.0}"
2026-09-14 16:57,17544498700000.00,864080100000.00,0.1384,0.0079,US,"AMZN +0.3%, GOOGL +0.2%","{""NVDA"":5175484000000.0,""MSFT"":3773994199999.9995,""GOOGL"":4203903000000.0005,""META"":1715875000000.0,""AMZN"":2675242500000.0,""BABA"":225889499999.99997,""BIDU"":29427720000.0,""PDD"":107200000000.0,""0700.HK"":501562880000.0}"
2026-09-14 17:07,17538709150000.00,864266644000.00,-0.0330,0.0216,China,"PDD +0.4%, GOOGL -0.2%","{""NVDA"":5176947999999.999,""MSFT"":3771207950000.0,""GOOGL"":4197006000000.0005,""META"":1718672200000.0,""AMZN"":2674875000000.0,""BABA"":225745999999.99997,""BIDU"":29382564000.0,""PDD"":107575200000.00002,""0700.HK"":501562880000.0}"
2026-09-15 14:03,17478678750000.00,870963410000.00,-0.3423,0.7748,China,"PDD -2.5%, META +2.2%","{""NVDA"":5192197999999.999,""MSFT"":3718157750000.0,""GOOGL"":4173653000000.0005,""META"":1756020000000.0,""AMZN"":2638650000000.0,""BABA"":226033000000.0,""BIDU"":28974570000.0,""PDD"":104841600000.0,""0700.HK"":511114240000.0}"
2026-09-15 14:13,17422057200000.00,870652160000.00,-0.3239,-0.0357,China,"META -1.6%, AMZN -0.5%","{""NVDA"":5189147999999.999,""MSFT"":3710319099999.9995,""GOOGL"":4168328999999.9995,""META"":1728022100000.0002,""AMZN"":2626239000000.0,""BABA"":225725499999.99997,""BIDU"":28950720000.000004,""PDD"":104861700000.0,""0700.HK"":511114240000.0}"
2026-09-15 14:23,17384725200000.00,870047510000.00,-0.2143,-0.0694,China,"NVDA -0.3%, AMZN -0.3%","{""NVDA"":5173044000000.0,""MSFT"":3703520650000.0,""GOOGL"":4163367999999.9995,""META"":1726092550000.0,""AMZN"":2618700000000.0005,""BABA"":225354450000.0,""BIDU"":28871220000.0,""PDD"":104707600000.00002,""0700.HK"":511114240000.0}"
2026-09-15 14:33,17411864700000.00,870255252000.00,0.1561,0.0239,US,"NVDA +0.4%, GOOGL +0.1%","{""NVDA"":5194198800000.0,""MSFT"":3708090100000.0,""GOOGL"":4169055000000.0005,""META"":1724603300000.0,""AMZN"":2615917500000.0,""BABA"":225438499999.99997,""BIDU"":28901112000.0,""PDD"":104801400000.0,""0700.HK"":511114240000.0}"
2026-09-15 14:43,17400822800000.00,869558580000.00,-0.0634,-0.0801,tie,"BIDU -0.3%, BABA -0.2%","{""NVDA"":5189392000000.0,""MSFT"":3710244800000.0,""GOOGL"":4166453499999.9995,""META"":1721702499999.9998,""AMZN"":2613030000000.0,""BABA"":224905499999.99997,""BIDU"":28804440000.0,""PDD"":104734400000.00002,""0700.HK"":511114240000.0}"
2026-09-15 14:54,17367300090000.00,869383040000.00,-0.1927,-0.0202,China,"NVDA -0.4%, BIDU -0.2%","{""NVDA"":5167432000000.0,""MSFT"":3711062100000.0,""GOOGL"":4160464000000.0,""META"":1718881989999.9998,""AMZN"":2609460000000.0,""BABA"":224679999999.99997,""BIDU"":28747200000.000004,""PDD"":104841600000.0,""0700.HK"":511114240000.0}"
2026-09-15 15:04,17408451350000.00,869465460000.00,0.2369,0.0095,US,"META +0.7%, NVDA +0.3%","{""NVDA"":5183048000000.0,""MSFT"":3720423900000.0,""GOOGL"":4163307500000.0,""META"":1731686950000.0,""AMZN"":2609985000000.0,""BABA"":224673849999.99997,""BIDU"":28688370000.000004,""PDD"":104989000000.0,""0700.HK"":511114240000.0}"
2026-09-15 15:14,17422604300000.00,869913660000.00,0.0813,0.0515,tie,"PDD +0.3%, META +0.3%","{""NVDA"":5178290000000.0,""MSFT"":3725030500000.0,""GOOGL"":4169417999999.9995,""META"":1736258300000.0,""AMZN"":2613607500000.0,""BABA"":224864499999.99997,""BIDU"":28664520000.0,""PDD"":105270400000.00002,""0700.HK"":511114240000.0}"
2026-09-15 15:24,17404854860000.00,870810940000.00,-0.1019,0.1031,China,"PDD +0.3%, BABA +0.2%","{""NVDA"":5175484000000.0,""MSFT"":3719383700000.0,""GOOGL"":4159859000000.0005,""META"":1737045659999.9998,""AMZN"":2613082500000.0,""BABA"":225389299999.99997,""BIDU"":28715400000.0,""PDD"":105592000000.0,""0700.HK"":511114240000.0}"
2026-09-15 15:34,17384451050000.00,870612740000.00,-0.1172,-0.0228,China,"META -0.5%, MSFT -0.2%","{""NVDA"":5174020000000.0,""MSFT"":3711359299999.9995,""GOOGL"":4157438999999.9995,""META"":1728760250000.0,""AMZN"":2612872500000.0,""BABA"":225376999999.99997,""BIDU"":28683600000.000004,""PDD"":105437900000.00002,""0700.HK"":511114240000.0}"
2026-09-15 15:44,17389053950000.00,870858720000.00,0.0265,0.0283,tie,"PDD +0.2%, META -0.1%","{""NVDA"":5178900000000.0,""MSFT"":3712733849999.9995,""GOOGL"":4155321500000.0,""META"":1726338599999.9998,""AMZN"":2615760000000.0,""BABA"":225458999999.99997,""BIDU"":28686780000.0,""PDD"":105598700000.00002,""0700.HK"":511114240000.0}"
2026-09-15 15:54,17393456200000.00,870578590000.00,0.0253,-0.0322,US,"PDD -0.2%, META +0.2%","{""NVDA"":5178656000000.0,""MSFT"":3717451899999.9995,""GOOGL"":4151147000000.0,""META"":1729653800000.0,""AMZN"":2616547500000.0,""BABA"":225387249999.99997,""BIDU"":28699500000.0,""PDD"":105377600000.0,""0700.HK"":511114240000.0}"
2026-09-15 23:41,17389139200000.00,868632460000.00,-0.0248,-0.2235,US,"PDD -0.7%, MSFT -0.6%","{""NVDA"":5176947999999.999,""MSFT"":3693601600000.0,""GOOGL"":4174258000000.0,""META"":1735921600000.0,""AMZN"":2608410000000.0,""BABA"":224147000000.0,""BIDU"":28744020000.0,""PDD"":104627200000.0,""0700.HK"":511114240000.0}"
2026-09-16 00:00,17389139200000.00,868632460000.00,0.0000,0.0000,tie,"NVDA +0.0%, MSFT +0.0%","{""NVDA"":5176947999999.999,""MSFT"":3693601600000.0,""GOOGL"":4174258000000.0,""META"":1735921600000.0,""AMZN"":2608410000000.0,""BABA"":224147000000.0,""BIDU"":28744020000.0,""PDD"":104627200000.0,""0700.HK"":511114240000.0}"
2026-09-16 01:21,17389139200000.00,875854220000.00,0.0000,0.8314,China,"0700.HK +1.4%, NVDA +0.0%","{""NVDA"":5176947999999.999,""MSFT"":3693601600000.0,""GOOGL"":4174258000000.0,""META"":1735921600000.0,""AMZN"":2608410000000.0,""BABA"":224147000000.0,""BIDU"":28744020000.0,""PDD"":104627200000.0,""0700.HK"":518336000000.0}"
2026-09-16 01:31,17389139200000.00,867467660000.00,0.0000,-0.9575,US,"0700.HK -1.6%, NVDA +0.0%","{""NVDA"":5176947999999.999,""MSFT"":3693601600000.0,""GOOGL"":4174258000000.0,""META"":1735921600000.0,""AMZN"":2608410000000.0,""BABA"":224147000000.0,""BIDU"":28744020000.0,""PDD"":104627200000.0,""0700.HK"":509949440000.0}"
2026-09-16 01:41,17389139200000.00,868632460000.00,0.0000,0.1343,China,"0700.HK +0.2%, NVDA +0.0%","{""NVDA"":5176947999999.999,""MSFT"":3693601600000.0,""GOOGL"":4174258000000.0,""META"":1735921600000.0,""AMZN"":2608410000000.0,""BABA"":224147000000.0,""BIDU"":28744020000.0,""PDD"":104627200000.0,""0700.HK"":511114240000.0}"
2026-09-16 01:51,17389139200000.00,865138060000.00,0.0000,-0.4023,US,"0700.HK -0.7%, NVDA +0.0%","{""NVDA"":5176947999999.999,""MSFT"":3693601600000.0,""GOOGL"":4174258000000.0,""META"":1735921600000.0,""AMZN"":2608410000000.0,""BABA"":224147000000.0,""BIDU"":28744020000.0,""PDD"":104627200000.0,""0700.HK"":507619839999.99994}"
2026-09-16 02:01,17389139200000.00,863507340000.00,0.0000,-0.1885,US,"0700.HK -0.3%, NVDA +0.0%","{""NVDA"":5176947999999.999,""MSFT"":3693601600000.0,""GOOGL"":4174258000000.0,""META"":1735921600000.0,""AMZN"":2608410000000.0,""BABA"":224147000000.0,""BIDU"":28744020000.0,""PDD"":104627200000.0,""0700.HK"":505989119999.99994}"
2026-09-16 02:11,17389139200000.00,864206220000.00,0.0000,0.0809,China,"0700.HK +0.1%, NVDA +0.0%","{""NVDA"":5176947999999.999,""MSFT"":3693601600000.0,""GOOGL"":4174258000000.0,""META"":1735921600000.0,""AMZN"":2608410000000.0,""BABA"":224147000000.0,""BIDU"":28744020000.0,""PDD"":104627200000.0,""0700.HK"":506688000000.0}"
2026-09-16 02:21,17389139200000.00,863973260000.00,0.0000,-0.0270,tie,"0700.HK -0.0%, NVDA +0.0%","{""NVDA"":5176947999999.999,""MSFT"":3693601600000.0,""GOOGL"":4174258000000.0,""META"":1735921600000.0,""AMZN"":2608410000000.0,""BABA"":224147000000.0,""BIDU"":28744020000.0,""PDD"":104627200000.0,""0700.HK"":506455040000.0}"
2026-09-21 14:53,17964577550000.00,868283870000.00,3.3092,0.4989,US,"META +5.9%, NVDA +5.8%","{""NVDA"":5474750000000.0,""MSFT"":3669045449999.9995,""GOOGL"":4294048000000.0,""META"":1837579100000.0,""AMZN"":2689155000000.0,""BABA"":233546250000.0,""BIDU"":28871220000.0,""PDD"":105002400000.00002,""0700.HK"":500864000000.0}"
2026-09-21 15:37,18000840900000.00,870239710000.00,0.2019,0.2253,tie,"META +0.9%, BIDU +0.9%","{""NVDA"":5496343999999.999,""MSFT"":3660946750000.0,""GOOGL"":4308205000000.0,""META"":1854012650000.0,""AMZN"":2681332500000.0,""BABA"":234991499999.99997,""BIDU"":29127210000.0,""PDD"":105257000000.0,""0700.HK"":500864000000.0}"
2026-09-21 15:47,18023193750000.00,870911050000.00,0.1242,0.0771,tie,"AMZN +0.4%, META +0.4%","{""NVDA"":5489975600000.0,""MSFT"":3667745200000.0,""GOOGL"":4313468500000.0,""META"":1860539450000.0,""AMZN"":2691464999999.9995,""BABA"":235452749999.99997,""BIDU"":29176500000.0,""PDD"":105417800000.00002,""0700.HK"":500864000000.0}"
2026-09-21 15:57,18023914800000.00,871243620000.00,0.0040,0.0382,tie,"META +0.3%, AMZN -0.2%","{""NVDA"":5486950000000.0,""MSFT"":3668265299999.9995,""GOOGL"":4315707000000.0005,""META"":1866094999999.9998,""AMZN"":2686897500000.0,""BABA"":235749999999.99997,""BIDU"":29205120000.0,""PDD"":105424500000.00002,""0700.HK"":500864000000.0}"
2026-09-21 16:07,18055281350000.00,872190780000.00,0.1740,0.1087,US,"AMZN +0.4%, PDD +0.3%","{""NVDA"":5495124000000.0,""MSFT"":3673503450000.0,""GOOGL"":4316517700000.0005,""META"":1871741199999.9998,""AMZN"":2698395000000.0,""BABA"":236323999999.99997,""BIDU"":29243280000.0,""PDD"":105759500000.0,""0700.HK"":500864000000.0}"
2026-09-21 16:17,18054924350000.00,872641800000.00,-0.0020,0.0517,China,"META +0.5%, PDD +0.3%","{""NVDA"":5500248000000.0,""MSFT"":3668562500000.0,""GOOGL"":4311774500000.0005,""META"":1880249350000.0,""AMZN"":2694089999999.9995,""BABA"":236426499999.99997,""BIDU"":29303700000.000004,""PDD"":106047600000.0,""0700.HK"":500864000000.0}"
2026-09-21 16:27,18078066450000.00,872578880000.00,0.1282,-0.0072,US,"AMZN +0.4%, BIDU -0.3%","{""NVDA"":5506347999999.999,""MSFT"":3672946200000.0,""GOOGL"":4311835000000.0,""META"":1882347249999.9998,""AMZN"":2704589999999.9995,""BABA"":236426499999.99997,""BIDU"":29227380000.0,""PDD"":106061000000.0,""0700.HK"":500864000000.0}"
2026-09-21 19:19,18216459500000.00,874160820000.00,0.7655,0.1813,US,"META +2.5%, MSFT +1.1%","{""NVDA"":5551488000000.0,""MSFT"":3712102300000.0,""GOOGL"":4300098000000.0,""META"":1930016199999.9998,""AMZN"":2722755000000.0,""BABA"":237225999999.99997,""BIDU"":29380020000.0,""PDD"":106690800000.00002,""0700.HK"":500864000000.0}"
2026-09-21 19:29,18224346700000.00,874189310000.00,0.0433,0.0033,tie,"GOOGL +0.2%, AMZN -0.2%","{""NVDA"":5549780000000.0,""MSFT"":3717080400000.0,""GOOGL"":4308688999999.9995,""META"":1930767300000.0,""AMZN"":2718030000000.0,""BABA"":237338750000.0,""BIDU"":29389560000.0,""PDD"":106597000000.00002,""0700.HK"":500864000000.0}"
2026-09-21 19:39,18250257650000.00,874875932000.00,0.1422,0.0785,US,"META +0.5%, BIDU +0.2%","{""NVDA"":5553317999999.999,""MSFT"":3722801500000.0,""GOOGL"":4313468500000.0,""META"":1940907149999.9998,""AMZN"":2719762500000.0,""BABA"":237892250000.0,""BIDU"":29462382000.0,""PDD"":106657300000.0,""0700.HK"":500864000000.0}"
2026-09-21 19:49,18230774000000.00,875045040000.00,-0.1068,0.0193,China,"META -0.3%, AMZN -0.2%","{""NVDA"":5550023999999.999,""MSFT"":3720238149999.9995,""GOOGL"":4310625000000.0,""META"":1934639350000.0,""AMZN"":2715247500000.0005,""BABA"":238025499999.99997,""BIDU"":29424540000.0,""PDD"":106731000000.00002,""0700.HK"":500864000000.0}"
2026-09-21 19:59,18202782350000.00,873888640000.00,-0.1535,-0.1322,tie,"META -0.8%, PDD -0.5%","{""NVDA"":5547218000000.0,""MSFT"":3726367899999.9995,""GOOGL"":4295621000000.0,""META"":1919850450000.0,""AMZN"":2713725000000.0,""BABA"":237430999999.99997,""BIDU"":29345040000.0,""PDD"":106248600000.00002,""0700.HK"":500864000000.0}"
2026-09-21 20:09,18203720850000.00,873770580000.00,0.0052,-0.0135,tie,"BIDU -0.1%, BABA -0.0%","{""NVDA"":5548071999999.999,""MSFT"":3726962300000.0,""GOOGL"":4295137000000.0005,""META"":1919824549999.9998,""AMZN"":2713725000000.0,""BABA"":237328499999.99997,""BIDU"":29322779999.999996,""PDD"":106255300000.0,""0700.HK"":500864000000.0}"
2026-09-21 20:20,18203720850000.00,873729580000.00,0.0000,-0.0047,tie,"BABA -0.0%, NVDA +0.0%","{""NVDA"":5548071999999.999,""MSFT"":3726962300000.0,""GOOGL"":4295137000000.0005,""META"":1919824549999.9998,""AMZN"":2713725000000.0,""BABA"":237287499999.99997,""BIDU"":29322779999.999996,""PDD"":106255300000.0,""0700.HK"":500864000000.0}"
2026-09-22 13:55,18232380250000.00,907313670000.00,0.1574,3.8438,China,"0700.HK +5.0%, BABA +2.9%","{""NVDA"":5546144399999.999,""MSFT"":3689069299999.9995,""GOOGL"":4370883000000.0,""META"":1923321050000.0,""AMZN"":2702962500000.0,""BABA"":244226749999.99997,""BIDU"":29615340000.0,""PDD"":107447900000.0,""0700.HK"":526023680000.00006}"
2026-09-22 14:06,18227138700000.00,904901460000.00,-0.0287,-0.2659,US,"BABA -0.7%, BIDU -0.7%","{""NVDA"":5543924000000.0,""MSFT"":3689255050000.0,""GOOGL"":4359267000000.0,""META"":1934302650000.0,""AMZN"":2700390000000.0,""BABA"":242474000000.0,""BIDU"":29418180000.000004,""PDD"":106985600000.0,""0700.HK"":526023680000.00006}"
2026-09-22 14:16,18307358940000.00,903756860000.00,0.4401,-0.1265,US,"META +1.0%, MSFT +0.6%","{""NVDA"":5574790000000.0,""MSFT"":3709895589999.9995,""GOOGL"":4374028999999.9995,""META"":1952769350000.0,""AMZN"":2695875000000.0,""BABA"":241715499999.99997,""BIDU"":29434080000.0,""PDD"":106583600000.00002,""0700.HK"":526023680000.00006}"
2026-09-22 14:26,18276496150000.00,903792800000.00,-0.1686,0.0040,China,"BIDU -0.5%, META -0.4%","{""NVDA"":5566128000000.0,""MSFT"":3695087600000.0,""GOOGL"":4376691000000.0,""META"":1944300050000.0,""AMZN"":2694289500000.0,""BABA"":241817999999.99997,""BIDU"":29300520000.000004,""PDD"":106650600000.00002,""0700.HK"":526023680000.00006}"
2026-09-22 14:36,18276122450000.00,903136310000.00,-0.0020,-0.0726,US,"BABA -0.3%, BIDU -0.2%","{""NVDA"":5570764000000.0,""MSFT"":3695904900000.0,""GOOGL"":4371004000000.0,""META"":1941839550000.0,""AMZN"":2696610000000.0,""BABA"":241151750000.0,""BIDU"":29243280000.0,""PDD"":106717600000.0,""0700.HK"":526023680000.00006}"
2026-09-22 14:46,18259915300000.00,902388080000.00,-0.0887,-0.0828,tie,"META -0.4%, BABA -0.2%","{""NVDA"":5561004000000.0,""MSFT"":3697465199999.9995,""GOOGL"":4371609000000.0005,""META"":1933279600000.0,""AMZN"":2696557500000.0,""BABA"":240567499999.99997,""BIDU"":29240100000.0,""PDD"":106556800000.0,""0700.HK"":526023680000.00006}"
2026-09-22 14:56,18265582150000.00,902103150000.00,0.0310,-0.0316,US,"META +0.4%, BIDU +0.2%","{""NVDA"":5567470000000.0,""MSFT"":3695421950000.0,""GOOGL"":4365437999999.999,""META"":1940117200000.0,""AMZN"":2697135000000.0,""BABA"":240208749999.99997,""BIDU"":29300520000.000004,""PDD"":106570200000.00002,""0700.HK"":526023680000.00006}"
2026-09-22 15:07,18235239960000.00,901082960000.00,-0.1661,-0.1131,China,"GOOGL -0.6%, AMZN -0.4%","{""NVDA"":5579791999999.999,""MSFT"":3688630930000.0,""GOOGL"":4341116999999.9995,""META"":1939695029999.9998,""AMZN"":2686005000000.0,""BABA"":239357999999.99997,""BIDU"":29211480000.0,""PDD"":106489800000.0,""0700.HK"":526023680000.00006}"
2026-09-22 15:17,18214325900000.00,901180240000.00,-0.1147,0.0108,China,"MSFT -0.3%, PDD +0.2%","{""NVDA"":5579548000000.0,""MSFT"":3677998600000.0,""GOOGL"":4336639999999.9995,""META"":1938019300000.0,""AMZN"":2682120000000.0,""BABA"":239224749999.99997,""BIDU"":29254410000.000004,""PDD"":106677400000.0,""0700.HK"":526023680000.00006}"
2026-09-24 16:26,17834254300000.00,872196880000.00,-2.0867,-3.2162,US,"GOOGL -5.0%, BABA -4.5%","{""NVDA"":5445835999999.999,""MSFT"":3676661199999.9995,""GOOGL"":4121260000000.0,""META"":1992849600000.0,""AMZN"":2597647500000.0,""BABA"":228534000000.0,""BIDU"":27958560000.000004,""PDD"":105056000000.00002,""0700.HK"":510648319999.99994}"
2026-09-25 15:34,18032642640000.00,865732080000.00,1.1124,-0.7412,US,"MSFT +4.0%, META -2.5%","{""NVDA"":5478897999999.999,""MSFT"":3824518200000.0,""GOOGL"":4169962499999.9995,""META"":1943188939999.9998,""AMZN"":2616075000000.0005,""BABA"":225561500000.0,""BIDU"":27809100000.0,""PDD"":103809800000.00002,""0700.HK"":508551680000.0}"
2026-09-25 15:45,17976079700000.00,865049910000.00,-0.3137,-0.0788,China,"NVDA -0.5%, META -0.3%","{""NVDA"":5451447999999.999,""MSFT"":3816122300000.0,""GOOGL"":4160706000000.0,""META"":1937345899999.9998,""AMZN"":2610457500000.0,""BABA"":225007999999.99997,""BIDU"":27740730000.0,""PDD"":103749500000.0,""0700.HK"":508551680000.0}"
2026-09-25 15:56,18007284370000.00,865501610000.00,0.1736,0.0522,US,"NVDA +0.4%, META +0.2%","{""NVDA"":5474871999999.999,""MSFT"":3818641069999.9995,""GOOGL"":4160706000000.0,""META"":1940350299999.9998,""AMZN"":2612715000000.0,""BABA"":225346249999.99997,""BIDU"":27780480000.0,""PDD"":103823200000.00002,""0700.HK"":508551680000.0}"
2026-09-25 16:08,18093572380000.00,866907290000.00,0.4792,0.1624,US,"BIDU +0.7%, NVDA +0.6%","{""NVDA"":5509520000000.0,""MSFT"":3836257600000.0005,""GOOGL"":4176738499999.9995,""META"":1941961280000.0,""AMZN"":2629095000000.0,""BABA"":226217499999.99997,""BIDU"":27966510000.0,""PDD"":104171600000.0,""0700.HK"":508551680000.0}"
2026-09-25 16:19,18068363000000.00,866227026000.00,-0.1393,-0.0785,China,"MSFT -0.3%, BIDU -0.2%","{""NVDA"":5500004000000.0,""MSFT"":3826450000000.0,""GOOGL"":4170688500000.0,""META"":1943018000000.0,""AMZN"":2628202500000.0,""BABA"":225827999999.99997,""BIDU"":27903546000.0,""PDD"":103943800000.0,""0700.HK"":508551680000.0}"
2026-09-25 16:31,16129240000000.00,866193220000.00,-10.7321,-0.0039,China,"MSFT +0.2%, NVDA -0.2%","{""NVDA"":5490488000000.0,""MSFT"":3835737499999.9995,""GOOGL"":4170507000000.0005,""AMZN"":2632507500000.0,""BABA"":225745999999.99997,""BIDU"":27898140000.0,""PDD"":103997400000.0,""0700.HK"":508551680000.0}"
2026-09-25 16:42,13891020950000.00,866352520000.00,-13.8768,0.0184,China,"AMZN -0.1%, MSFT -0.1%","{""NVDA"":5488536000000.0,""MSFT"":3832059649999.9995,""META"":1941645299999.9998,""AMZN"":2628780000000.0,""BABA"":225854650000.0,""BIDU"":27921990000.0,""PDD"":104024200000.0,""0700.HK"":508551680000.0}"
2026-09-25 16:53,18067689800000.00,866280040000.00,30.0674,-0.0084,US,"MSFT +0.5%, AMZN +0.1%","{""NVDA"":5485876399999.999,""MSFT"":3850820399999.9995,""GOOGL"":4158648999999.9995,""META"":1941464000000.0,""AMZN"":2630880000000.0,""BABA"":225766499999.99997,""BIDU"":27910860000.0,""PDD"":104051000000.00002,""0700.HK"":508551680000.0}"
2026-09-25 17:03,18070251350000.00,866435680000.00,0.0142,0.0180,tie,"MSFT -0.1%, META +0.1%","{""NVDA"":5487803999999.999,""MSFT"":3845359349999.9995,""GOOGL"":4161068999999.9995,""META"":1943406500000.0,""AMZN"":2632612499999.9995,""BABA"":225827999999.99997,""BIDU"":27904500000.0,""PDD"":104151500000.0,""0700.HK"":508551680000.0}"
2026-09-25 17:14,18070521400000.00,866229320000.00,0.0015,-0.0238,tie,"AMZN -0.1%, NVDA +0.1%","{""NVDA"":5493660000000.0,""MSFT"":3843093200000.0,""GOOGL"":4159859000000.0005,""META"":1944131700000.0,""AMZN"":2629777500000.0,""BABA"":225664000000.0,""BIDU"":27882240000.000004,""PDD"":104131400000.0,""0700.HK"":508551680000.0}"
2026-09-25 17:25,2630565000000.00,866098220000.00,-85.4428,-0.0151,China,"BIDU -0.1%, PDD -0.1%","{""AMZN"":2630565000000.0,""BABA"":225623000000.0,""BIDU"":27863160000.0,""PDD"":104060380000.0,""0700.HK"":508551680000.0}"
2026-09-25 17:36,18058355930000.00,866056760000.00,586.4820,-0.0048,US,"AMZN -0.2%, BIDU +0.0%","{""NVDA"":5484632000000.0,""MSFT"":3834184630000.0,""GOOGL"":4167965999999.9995,""META"":1946048300000.0,""AMZN"":2625525000000.0,""BABA"":225524600000.0,""BIDU"":27875880000.0,""PDD"":104104600000.0,""0700.HK"":508551680000.0}"
2026-09-25 17:47,18043232600000.00,865891280000.00,-0.0837,-0.0191,China,"META -0.3%, GOOGL -0.1%","{""NVDA"":5482557999999.999,""MSFT"":3832876950000.0,""GOOGL"":4162278999999.9995,""META"":1940518650000.0,""AMZN"":2625000000000.0,""BABA"":225438499999.99997,""BIDU"":27856800000.0,""PDD"":104044300000.0,""0700.HK"":508551680000.0}"
2026-09-25 18:00,8007347700000.00,733924580000.00,-55.6213,-15.2406,China,"MSFT +0.3%, GOOGL +0.0%","{""MSFT"":3843761900000.0,""GOOGL"":4163585800000.0,""BABA"":225372900000.0,""0700.HK"":508551680000.0}"
2026-09-25 18:13,12578731600000.00,131897580000.00,57.0899,-82.0285,US,"MSFT +0.1%, GOOGL -0.0%","{""MSFT"":3846733900000.0,""GOOGL"":4163488999999.9995,""META"":1945556199999.9998,""AMZN"":2622952500000.0,""BIDU"":27859980000.0,""PDD"":104037600000.00002}"
2026-09-25 18:25,18074057600000.00,253250410000.00,43.6874,92.0053,China,"MSFT +0.2%, AMZN -0.0%","{""NVDA"":5489268000000.0,""MSFT"":3855798500000.0005,""GOOGL"":4161915999999.999,""META"":1945193599999.9998,""AMZN"":2621881500000.0,""BABA"":225387249999.99997,""BIDU"":27863160000.0}"
2026-09-25 18:38,8418273000000.00,0.00,-53.4234,-100.0000,US,"MSFT -0.1%, META +0.0%","{""MSFT"":3850448900000.0,""META"":1945711599999.9998,""AMZN"":2622112499999.9995}"
2026-09-25 18:51,5470724000000.00,640451080000.00,-35.0137,,n/a,,"{""NVDA"":5470724000000.0,""BIDU"":27888600000.0,""PDD"":104010800000.00002,""0700.HK"":508551680000.0}"
